Team,Off_Pass_Att,Cmp,Cmp %,Yds/Att,Pass Yds,Off_Pass_TD,INT,Rate,1st,1st%,Off_Pass_20+,Off_Pass_40+,Off_Pass_Lng,Sck,SckY,Year,Off_Rush_Att,Rush Yds,YPC,Off_Rush_TD,Off_Rush_20+,Off_Rush_40+,Off_Rush_Lng,Rush 1st,Rush 1st%,Rush FUM
Giants,616,344,55.8,5.9,3642,16,20,68.4,184,29.9,35,8,77,44,259,2003,387,1559,4,6,6,0,27,89,23,9
Rams,600,377,62.8,7.2,4287,23,23,81,211,35.2,64,6,48,43,326,2003,411,1496,3.6,19,7,1,52,97,23.6,5
Buccaneers,592,369,62.3,6.7,3941,27,22,81.5,190,32.1,38,9,76,23,136,2003,421,1648,3.9,5,3,2,61,86,20.4,6
Lions,588,319,54.2,5.1,2988,17,24,61.1,152,25.8,26,3,72,11,64,2003,376,1338,3.6,5,8,0,39,69,18.4,7
Colts,569,381,67,7.5,4289,29,10,99,212,37.3,45,9,79,19,110,2003,453,1695,3.7,16,5,1,43,104,23,11
Patriots,537,320,59.6,6.8,3651,23,13,84.3,177,33,44,8,82,32,219,2003,473,1607,3.4,9,5,1,42,91,19.2,7
Chiefs,536,339,63.2,7.7,4113,24,12,92.4,201,37.5,55,8,67,21,132,2003,446,1929,4.3,32,11,0,39,120,26.9,2
Saints,535,314,58.7,6.8,3641,25,8,88.7,177,33.1,36,7,76,36,203,2003,448,2000,4.5,11,17,3,76,100,22.3,12
Cardinals,534,303,56.7,6.1,3265,18,22,68.9,147,27.5,38,8,71,44,306,2003,403,1531,3.8,5,5,0,36,80,19.8,12
Steelers,532,306,57.5,6.7,3548,19,17,76.4,174,32.7,46,5,81,42,244,2003,446,1488,3.3,10,5,0,32,77,17.3,8
Redskins,527,283,53.7,6.2,3273,21,16,73.3,156,29.6,45,4,64,43,267,2003,421,1653,3.9,8,9,0,38,95,22.6,7
Chargers,525,297,56.6,6.1,3226,21,19,73.1,146,27.8,45,6,73,29,205,2003,417,2146,5.2,16,13,5,73,117,28.1,9
Raiders,521,278,53.4,5.7,2988,9,14,65,140,26.9,38,2,47,43,237,2003,423,1822,4.3,15,11,3,53,98,23.2,8
Seahawks,521,317,60.8,7.4,3872,27,16,88.2,190,36.5,54,5,80,43,254,2003,453,2009,4.4,17,12,3,55,121,26.7,9
Bengals,520,324,62.3,6.9,3591,26,15,87.4,181,34.8,37,11,82,37,249,2003,481,1987,4.1,12,10,4,54,101,21,2
Vikings,520,333,64,8,4169,32,13,99,194,37.3,52,15,72,42,218,2003,493,2343,4.8,15,10,3,61,124,25.2,15
Bears,515,271,52.6,5.6,2905,12,20,61,143,27.8,37,5,61,43,288,2003,443,1763,4,13,8,1,67,103,23.2,10
Jaguars,515,303,58.8,6.6,3421,17,17,76,163,31.6,40,8,84,28,136,2003,481,2073,4.3,13,11,2,62,118,24.5,8
49ers,511,299,58.5,7,3566,25,15,84,172,33.7,46,7,75,28,158,2003,499,2279,4.6,16,13,2,78,117,23.4,12
Cowboys,510,294,57.6,6.6,3347,17,21,71.4,149,29.2,49,7,64,37,185,2003,515,1999,3.9,11,6,3,63,115,22.3,8
Browns,509,313,61.5,6.1,3116,17,18,75.2,153,30.1,25,6,71,40,282,2003,412,1670,4,8,7,1,78,91,22.1,13
Bills,502,293,58.4,6.1,3069,11,17,69.4,150,29.9,31,2,54,51,385,2003,427,1664,3.9,13,6,1,64,96,22.5,14
Titans,502,315,62.8,8,4031,30,9,100.3,211,42,55,12,73,25,153,2003,486,1623,3.3,11,6,0,28,83,17.1,8
Jets,496,312,62.9,7.1,3524,20,14,85.8,181,36.5,44,8,65,31,208,2003,409,1635,4,8,8,1,56,78,19.1,6
Eagles,484,279,57.6,6.8,3273,17,11,80.5,156,32.2,45,9,59,43,253,2003,417,2015,4.8,23,15,3,64,105,25.2,8
Broncos,479,280,58.5,6.5,3126,19,18,75.6,162,33.8,35,6,72,25,157,2003,543,2629,4.8,20,22,8,65,133,24.5,10
Packers,473,310,65.5,7.1,3377,32,21,90.5,166,35.1,42,7,66,19,137,2003,507,2558,5,18,20,7,98,127,25,12
Falcons,460,230,50,5.7,2631,14,21,58.7,127,27.6,31,9,86,35,223,2003,435,1949,4.5,17,14,7,69,99,22.8,5
Panthers,460,270,58.7,7,3238,19,16,79.6,146,31.7,46,9,67,26,188,2003,522,2091,4,9,12,1,40,114,21.8,11
Dolphins,450,257,57.1,6.7,3001,17,19,72.5,145,32.2,43,5,80,31,209,2003,487,1817,3.7,14,9,2,68,99,20.3,6
Texans,439,248,56.5,6.5,2841,14,18,69.7,127,28.9,32,7,78,36,186,2003,421,1651,3.9,14,6,1,51,86,20.4,8
Ravens,415,217,52.3,6.1,2517,16,19,64.7,121,29.2,34,8,73,42,262,2003,552,2674,4.8,18,19,6,82,114,20.6,21
Packers,598,382,63.9,7.6,4550,36,19,93.8,228,38.1,58,13,79,14,101,2004,441,1908,4.3,9,11,2,90,97,22,9
Titans,589,356,60.4,6.7,3933,27,19,82.1,200,34,46,5,48,44,317,2004,420,1871,4.4,12,9,2,52,85,20.2,10
Dolphins,586,309,52.7,5.8,3391,19,26,62.5,165,28.2,38,5,76,52,326,2004,384,1339,3.5,10,7,1,53,71,18.5,9
Raiders,582,330,56.7,6.9,4019,24,22,76.1,176,30.2,55,11,63,30,161,2004,327,1295,4,10,6,3,60,75,22.9,6
Rams,580,372,64.1,8,4615,23,22,86.1,203,35,67,8,75,50,362,2004,381,1624,4.3,11,7,3,48,96,25.2,2
Chiefs,561,370,66,8.3,4633,27,17,94.9,228,40.6,60,10,70,32,227,2004,496,2289,4.6,31,10,2,46,138,27.8,7
49ers,561,325,57.9,6.2,3455,16,21,69.9,172,30.7,28,3,65,52,319,2004,413,1449,3.5,10,7,1,60,83,20.1,11
Vikings,552,380,68.8,8.6,4754,39,12,109.8,225,40.8,64,18,82,46,238,2004,387,1823,4.7,8,8,1,49,98,25.3,9
Eagles,547,336,61.4,7.7,4208,32,11,96.4,188,34.4,56,20,80,37,229,2004,376,1639,4.4,10,11,3,50,87,23.1,2
Saints,542,309,57,7,3810,21,16,79.5,177,32.7,57,5,57,41,223,2004,406,1606,4,15,10,3,71,82,20.2,12
Panthers,536,311,58,7.3,3889,29,15,87,192,35.8,60,8,63,33,246,2004,422,1582,3.8,10,4,2,71,85,20.1,5
Bengals,536,324,60.4,6.6,3520,23,22,77,172,32.1,42,8,76,31,219,2004,437,1839,4.2,14,8,1,52,93,21.3,8
Cardinals,533,299,56.1,6,3202,14,18,68.6,152,28.5,38,4,48,39,320,2004,475,1668,3.5,15,9,1,62,86,18.1,8
Seahawks,532,304,57.1,7,3715,23,18,79.1,189,35.5,47,4,60,34,176,2004,468,2095,4.5,17,15,2,44,110,23.5,11
Colts,527,353,67,9,4732,51,10,119.7,238,45.2,69,14,80,14,109,2004,427,1852,4.3,10,7,2,55,94,22,9
Broncos,521,303,58.2,7.8,4089,27,20,84.5,184,35.3,55,9,85,15,90,2004,534,2333,4.4,13,13,3,51,127,23.8,13
Cowboys,519,308,59.3,7,3636,19,23,74.5,171,33,48,4,53,36,208,2004,449,1769,3.9,14,10,1,53,100,22.3,10
Redskins,514,288,56,5.6,2874,18,17,70,156,30.4,27,5,51,38,242,2004,471,1765,3.8,6,8,1,64,91,19.3,8
Jaguars,513,305,59.4,6.5,3315,17,11,80.7,161,31.4,35,7,65,32,156,2004,446,1850,4.2,9,9,2,46,88,19.7,5
Buccaneers,512,340,66.4,7.4,3773,24,18,89.1,175,34.2,50,10,75,44,299,2004,393,1489,3.8,9,5,2,78,74,18.8,10
Lions,505,285,56.4,6.2,3124,19,13,76.7,142,28.1,43,4,62,37,208,2004,407,1777,4.4,7,14,2,74,92,22.6,3
Patriots,485,293,60.4,7.7,3750,29,14,92.6,193,39.8,53,10,50,26,162,2004,524,2134,4.1,15,9,1,44,120,22.9,7
Giants,475,269,56.6,6.5,3097,12,13,73.5,143,30.1,35,10,62,52,279,2004,424,1904,4.5,18,12,3,72,105,24.8,9
Bears,471,249,52.9,5.6,2641,9,16,61.7,121,25.7,33,5,63,66,449,2004,430,1624,3.8,10,7,2,54,84,19.5,10
Texans,471,286,60.7,7.5,3547,16,14,83,174,36.9,47,6,69,49,301,2004,481,1882,3.9,16,7,2,44,103,21.4,9
Ravens,465,258,55.5,5.5,2559,13,11,70.7,135,29,28,4,57,35,247,2004,491,2063,4.2,11,8,3,75,102,20.8,7
Bills,461,262,56.8,6.6,3032,21,17,76.7,149,32.3,33,9,69,38,215,2004,483,1874,3.9,15,16,2,48,102,21.1,10
Chargers,450,288,64,7.8,3506,29,8,102,160,35.6,45,9,79,21,149,2004,525,2185,4.2,24,19,4,52,130,24.8,11
Browns,439,251,57.2,7,3076,21,21,74.9,125,28.5,36,14,99,41,252,2004,441,1657,3.8,6,9,1,46,94,21.3,16
Jets,438,282,64.4,7.4,3231,19,11,90.5,163,37.2,38,9,69,31,181,2004,527,2388,4.5,15,10,0,33,135,25.6,6
Falcons,395,217,54.9,6.8,2692,15,16,72,120,30.4,39,9,62,50,280,2004,524,2672,5.1,20,22,4,60,133,25.4,8
Steelers,358,228,63.7,8.3,2970,20,13,93.2,147,41.1,47,7,58,36,250,2004,618,2464,4,16,10,1,58,134,21.7,6
Cardinals,670,419,62.5,7,4723,21,21,81,224,33.4,63,12,63,45,286,2005,360,1138,3.2,2,2,0,32,58,16.1,10
Packers,626,383,61.2,6.3,3964,20,30,70.1,206,32.9,40,7,59,27,198,2005,398,1352,3.4,11,5,1,64,76,19.1,10
Eagles,620,337,54.4,6.3,3903,21,20,71.5,182,29.4,49,8,91,42,226,2005,365,1432,3.9,11,8,2,59,73,20,14
Rams,599,392,65.4,7.3,4351,23,24,83,209,34.9,41,8,83,46,315,2005,380,1535,4,13,7,2,51,82,21.6,11
Titans,594,358,60.3,6.4,3797,20,14,80.4,191,32.2,34,8,57,31,200,2005,397,1525,3.8,8,7,0,38,72,18.1,8
Raiders,591,316,53.5,6.6,3883,21,14,76,189,32,50,6,79,45,301,2005,361,1369,3.8,11,7,0,27,80,22.2,5
Patriots,564,352,62.4,7.7,4322,28,15,91.5,204,36.2,62,9,71,28,202,2005,439,1512,3.4,16,5,0,31,100,22.8,6
Ravens,562,335,59.6,6,3381,17,21,71.3,163,29,39,2,48,42,293,2005,452,1605,3.6,5,6,1,52,97,21.5,11
Giants,558,294,52.7,6.7,3762,24,17,75.7,172,30.8,49,8,78,28,184,2005,469,2209,4.7,17,18,7,95,106,22.6,4
Dolphins,556,291,52.3,6.2,3458,22,16,72.8,159,28.6,44,11,77,26,158,2005,444,1898,4.3,11,10,3,65,93,21,10
Saints,553,308,55.7,6.5,3604,15,24,66.6,182,32.9,47,5,66,41,261,2005,423,1688,4,8,10,1,42,89,21,6
Bengals,538,362,67.3,7.3,3935,32,14,97.6,203,37.7,43,9,70,21,115,2005,459,1910,4.2,15,7,0,33,109,23.8,3
Chargers,526,338,64.3,7.1,3738,27,16,89.7,191,36.3,48,4,54,31,243,2005,465,2072,4.5,22,11,3,83,116,25,2
Lions,520,297,57.1,5.8,3021,15,18,69.1,151,29,35,8,86,31,173,2005,404,1471,3.6,10,4,2,77,68,16.8,4
Colts,515,347,67.4,8.1,4191,31,11,103.3,217,42.1,49,7,80,20,95,2005,465,1703,3.7,18,6,0,33,116,25,4
Vikings,510,323,63.3,6.8,3449,18,16,81.7,169,33.1,31,8,80,54,303,2005,381,1467,3.8,10,8,1,61,83,21.8,8
Chiefs,507,317,62.5,7.9,4014,17,10,90.1,182,35.9,51,11,60,32,204,2005,520,2382,4.6,26,19,2,49,138,26.5,9
Cowboys,500,300,60,7.3,3639,23,17,83.6,177,35.4,42,9,71,50,298,2005,521,1861,3.6,13,7,2,51,97,18.6,16
Browns,497,297,59.8,6.7,3323,15,17,75.6,149,30,38,8,80,46,276,2005,395,1503,3.8,4,8,1,75,76,19.2,12
Jaguars,487,283,58.1,6.9,3352,21,6,88.4,170,34.9,43,5,45,32,162,2005,502,1959,3.9,18,12,2,71,97,19.3,2
Buccaneers,487,303,62.2,6.5,3171,17,14,80.7,161,33.1,34,6,80,41,281,2005,457,1826,4,13,12,3,71,83,18.2,5
Redskins,481,278,57.8,7,3346,25,11,87,166,34.5,40,11,78,31,240,2005,525,2183,4.2,15,10,3,52,114,21.7,10
Seahawks,474,307,64.8,7.7,3632,25,10,96.8,192,40.5,44,8,56,27,174,2005,519,2457,4.7,29,17,5,88,142,27.4,7
Jets,470,268,57,6.4,2989,11,15,70.6,146,31.1,34,5,60,53,347,2005,384,1328,3.5,10,4,2,49,74,19.3,11
Broncos,465,279,60,7.2,3373,18,7,88.9,162,34.8,44,8,72,23,146,2005,542,2539,4.7,25,17,5,68,145,26.8,6
Bills,459,269,58.6,6.2,2852,18,16,75.4,129,28.1,29,9,65,43,337,2005,428,1607,3.8,6,8,0,39,96,22.4,8
Falcons,451,247,54.8,6.4,2907,19,13,76.6,149,33,33,5,58,39,228,2005,531,2546,4.8,17,19,2,65,139,26.2,8
Panthers,449,269,59.9,7.8,3485,25,16,88.1,157,35,44,13,80,28,214,2005,487,1679,3.4,17,6,1,70,82,16.8,6
Texans,449,270,60.1,5.9,2661,15,13,76,142,31.6,21,2,53,68,424,2005,437,1816,4.2,9,5,2,44,89,20.4,6
Bears,418,219,52.4,5.3,2201,11,15,61.5,111,26.6,27,4,54,31,199,2005,488,2099,4.3,11,19,1,42,98,20.1,9
49ers,389,204,52.4,5.6,2190,8,21,53.6,96,24.7,27,4,89,48,292,2005,428,1689,4,9,11,3,73,70,16.4,8
Steelers,379,228,60.2,8.2,3104,21,14,89.4,144,38,44,14,85,32,178,2005,549,2223,4,21,11,4,80,119,21.7,10
Packers,630,350,55.6,6.3,3947,18,18,72.1,185,29.4,49,8,82,24,152,2006,431,1663,3.9,9,7,1,70,93,21.6,6
Lions,596,372,62.4,7.1,4208,21,22,79.9,208,34.9,59,3,60,63,388,2006,304,1129,3.7,9,6,1,52,53,17.4,8
Rams,592,371,62.7,7.3,4328,24,8,92.6,212,35.8,61,10,67,49,366,2006,424,1805,4.3,13,10,1,59,94,22.2,6
Dolphins,591,342,57.9,6,3577,16,19,71.2,180,30.5,37,6,52,41,290,2006,402,1673,4.2,7,9,3,55,82,20.4,8
Saints,580,372,64.1,8,4626,27,13,94.9,207,35.7,65,20,86,23,123,2006,472,1761,3.7,19,6,1,57,97,20.6,7
Colts,557,362,65,7.9,4397,31,9,101,241,43.3,53,7,68,15,89,2006,439,1762,4,17,3,1,41,112,25.5,4
Cardinals,545,322,59.1,7.2,3924,17,17,78.7,187,34.3,50,11,64,35,262,2006,419,1338,3.2,12,0,0,18,84,20,11
Eagles,544,323,59.4,7.9,4309,31,9,96.7,189,34.7,63,19,89,28,190,2006,416,1984,4.8,13,11,1,71,106,25.5,6
Vikings,540,332,61.5,6.3,3402,13,20,72.2,160,29.6,44,6,50,43,279,2006,442,1820,4.1,12,7,2,95,86,19.5,7
Panthers,539,325,60.3,6.5,3486,19,17,77.9,158,29.3,37,7,72,32,222,2006,423,1659,3.9,7,11,1,43,100,23.6,7
Buccaneers,535,296,55.3,5.6,2994,14,18,66.2,133,24.9,30,7,64,33,196,2006,404,1523,3.8,6,6,0,38,82,20.3,10
Patriots,527,326,61.9,6.8,3590,25,12,88.3,181,34.4,47,8,62,29,190,2006,499,1969,4,20,12,2,50,121,24.2,6
Ravens,524,328,62.6,6.8,3535,21,14,84.6,179,34.2,38,6,87,17,100,2006,476,1637,3.4,11,6,1,52,86,18.1,12
Bengals,523,327,62.5,7.8,4066,28,13,94.1,200,38.2,53,15,74,36,233,2006,435,1629,3.7,14,5,0,22,87,20,8
Giants,523,301,57.6,6.2,3244,24,18,76.8,163,31.2,33,8,55,25,186,2006,455,2156,4.7,14,13,3,55,120,26.4,7
Steelers,523,312,59.7,7.7,4026,23,23,80.2,201,38.4,49,10,87,49,293,2006,469,1992,4.2,16,16,4,76,100,21.3,12
Bears,514,282,54.9,6.7,3446,24,22,73.5,161,31.3,50,9,75,25,165,2006,503,1918,3.8,14,7,0,30,103,20.5,5
Browns,512,318,62.1,6.3,3247,15,25,69.7,153,29.9,32,8,75,54,349,2006,372,1335,3.6,7,2,0,33,72,19.4,11
Seahawks,512,292,57,6.6,3369,26,22,76,167,32.6,41,7,72,49,315,2006,484,1923,4,8,8,0,37,111,22.9,9
Cowboys,506,310,61.3,8,4067,26,21,86.5,197,38.9,56,12,56,37,231,2006,472,1936,4.1,21,10,1,77,107,22.7,6
Jets,488,313,64.1,6.9,3352,17,16,82.1,161,33,38,9,71,34,199,2006,491,1738,3.5,15,7,0,32,99,20.2,4
Raiders,483,263,54.4,5.9,2850,7,24,56.2,144,29.8,28,2,57,72,430,2006,394,1519,3.9,5,4,2,59,73,18.5,16
Texans,481,329,68.4,6.3,3032,14,13,83.8,156,32.4,29,3,53,43,254,2006,431,1687,3.9,13,7,0,35,106,24.6,9
Redskins,470,274,58.3,6.8,3174,19,10,83.4,150,31.9,39,10,74,19,147,2006,490,2216,4.5,13,13,0,38,123,25.1,12
Chargers,466,287,61.6,7.3,3412,24,9,93,169,36.3,41,5,57,28,150,2006,522,2578,4.9,32,20,9,85,137,26.2,8
Broncos,454,256,56.4,6.6,2995,20,18,74.7,151,33.3,34,6,83,31,196,2006,488,2152,4.4,12,16,4,72,106,21.7,12
Chiefs,450,272,60.4,7.2,3243,18,12,84.7,184,40.9,36,5,78,41,243,2006,513,2143,4.2,17,12,4,47,105,20.5,10
Titans,447,226,50.6,6.2,2748,13,19,61.8,133,29.8,42,1,53,29,152,2006,469,2214,4.7,15,17,2,70,105,22.4,11
Jaguars,446,266,59.6,6.9,3060,17,14,80,147,33,39,5,51,30,178,2006,513,2541,5,23,14,4,76,127,24.8,8
49ers,444,257,57.9,6.5,2890,16,16,74.4,132,29.7,34,8,75,35,202,2006,439,2172,5,12,20,6,72,97,22.1,10
Bills,431,268,62.2,7.1,3051,19,14,84.6,132,30.6,35,10,83,47,332,2006,420,1552,3.7,9,4,1,57,82,19.5,12
Falcons,416,222,53.4,6.4,2682,21,15,75.2,133,32,33,9,55,47,311,2006,537,2939,5.5,9,23,4,90,134,25,8
Saints,652,440,67.5,6.8,4423,28,18,89.4,232,35.6,47,8,58,16,109,2007,392,1466,3.7,14,5,0,26,94,24,10
Cardinals,590,356,60.3,7.2,4228,32,24,83.4,210,35.6,52,7,62,24,163,2007,402,1440,3.6,9,5,0,27,69,17.2,14
Seahawks,590,371,62.9,7.1,4181,30,13,91.8,211,35.8,51,8,65,36,217,2007,430,1619,3.8,9,10,2,46,93,21.6,7
Lions,587,368,62.7,7.2,4216,19,22,79.4,203,34.6,47,8,91,54,338,2007,324,1288,4,13,8,1,53,73,22.5,13
Patriots,586,403,68.8,8.3,4859,50,9,116,243,41.5,57,15,69,21,128,2007,451,1849,4.1,17,4,3,59,124,27.5,2
Packers,578,383,66.3,7.7,4461,30,15,96,210,36.3,52,17,82,19,127,2007,388,1597,4.1,13,15,4,66,69,17.8,7
Eagles,577,350,60.7,6.9,4005,24,15,84.6,186,32.2,43,11,75,49,250,2007,421,1974,4.7,12,17,1,40,118,28,3
Bengals,575,373,64.9,7.2,4131,26,20,86.7,213,37,51,8,70,17,119,2007,416,1556,3.7,10,5,1,45,81,19.5,6
Rams,574,333,58,6.2,3561,19,28,67,193,33.6,42,1,40,48,328,2007,404,1527,3.8,5,10,5,54,65,16.1,8
Bears,569,327,57.5,6.5,3701,18,21,72.2,168,29.5,44,8,81,43,339,2007,423,1330,3.1,8,6,1,43,74,17.5,13
Chiefs,563,335,59.5,6.3,3525,17,20,73,171,30.4,40,2,58,55,344,2007,383,1248,3.3,6,5,1,54,66,17.2,2
Dolphins,558,318,57,6,3319,12,16,69.6,162,29,41,3,64,42,288,2007,389,1569,4,14,9,1,60,107,27.5,8
Ravens,557,341,61.2,5.9,3308,13,14,75.2,175,31.4,23,5,79,39,273,2007,446,1797,4,11,7,1,46,95,21.3,10
Falcons,555,336,60.5,6.4,3573,18,15,78.9,161,29,42,6,74,47,277,2007,385,1520,4,7,11,2,67,73,19,5
Colts,551,355,64.4,7.6,4172,32,14,96.1,212,38.5,53,9,73,23,139,2007,446,1706,3.8,19,4,0,23,119,26.7,1
Browns,545,305,56,7.1,3866,29,20,80.7,192,35.2,53,6,78,19,140,2007,440,1895,4.3,13,9,2,66,110,25,7
Giants,544,302,55.5,6.2,3376,23,20,73,167,30.7,36,6,60,28,222,2007,469,2148,4.6,15,11,4,88,119,25.4,11
Cowboys,531,342,64.4,8.1,4290,36,19,97.1,217,40.9,56,11,59,25,185,2007,419,1746,4.2,14,12,2,54,83,19.8,4
Texans,529,346,65.4,7.4,3925,24,21,86.1,190,35.9,40,10,77,22,174,2007,417,1586,3.8,12,7,1,41,96,23,4
Redskins,525,319,60.8,6.9,3622,18,11,84.2,192,36.6,43,6,54,29,159,2007,498,1871,3.8,15,6,0,32,103,20.7,15
Broncos,515,326,63.3,7.3,3759,21,15,86.7,187,36.3,42,7,68,32,175,2007,429,1957,4.6,10,18,3,62,96,22.4,13
Niners,513,274,53.4,5.2,2685,15,17,64.3,140,27.3,30,4,57,55,365,2007,357,1477,4.1,8,9,1,43,65,18.2,11
Jets,512,310,60.6,6.5,3330,15,19,73.9,173,33.8,38,7,57,53,316,2007,446,1701,3.8,6,4,1,49,91,20.4,7
Panthers,505,285,56.4,5.8,2941,19,17,71.9,142,28.1,28,9,74,33,206,2007,451,1824,4,7,7,1,75,85,18.8,7
Buccaneers,490,316,64.5,7.3,3579,18,8,91.7,162,33.1,41,11,69,36,222,2007,449,1872,4.2,15,14,0,31,98,21.8,6
Chargers,471,281,59.7,6.7,3175,22,16,81.3,158,33.6,44,4,49,24,170,2007,485,2039,4.2,19,16,4,74,104,21.4,7
Jaguars,469,288,61.4,7.4,3495,28,8,97.1,180,38.4,44,8,80,31,167,2007,522,2391,4.6,18,16,6,80,127,24.3,4
Titans,464,288,62.1,6.6,3077,9,17,72.6,171,36.8,28,7,73,30,199,2007,543,2109,3.9,17,11,1,42,118,21.7,12
Raiders,451,260,57.6,6.4,2893,17,20,70.9,133,29.5,31,6,59,41,262,2007,508,2086,4.1,11,13,1,48,111,21.8,13
Bills,445,263,59.1,6.4,2842,12,14,73.8,141,31.7,33,6,85,26,208,2007,448,1800,4,8,10,2,56,91,20.3,5
Steelers,442,282,63.8,7.7,3418,34,14,99.9,179,40.5,43,7,83,47,347,2007,511,2168,4.2,9,16,1,45,108,21.1,7
Vikings,432,249,57.6,6.8,2938,12,14,74.2,139,32.2,25,8,79,38,193,2007,494,2634,5.3,22,21,6,84,130,26.3,13
Saints,636,413,64.9,8,5069,34,18,95.4,232,36.5,66,16,84,13,92,2008,398,1594,4,20,9,2,43,103,25.9,8
Cardinals,630,418,66.4,7.7,4875,31,15,96.1,231,36.7,54,13,79,28,201,2008,340,1178,3.5,14,5,0,35,72,21.2,5
Broncos,620,386,62.3,7.3,4545,25,18,85.8,223,36,55,7,93,12,74,2008,387,1862,4.8,15,8,2,71,103,26.6,8
Eagles,606,362,59.7,6.7,4060,23,16,81.4,204,33.7,52,11,90,23,149,2008,427,1697,4,15,11,0,39,94,22,4
Colts,585,393,67.2,7.2,4180,27,12,94.7,220,37.6,42,7,75,14,86,2008,370,1274,3.4,13,5,0,38,79,21.4,4
Buccaneers,562,355,63.2,6.7,3788,18,13,83.8,184,32.7,42,5,71,32,169,2008,451,1837,4.1,13,8,4,68,100,22.2,6
Texans,555,367,66.1,8.1,4474,21,20,88.4,210,37.8,60,12,65,32,207,2008,432,1846,4.3,16,13,5,71,106,24.5,9
Cowboys,547,328,60,7.3,3988,29,20,84.9,171,31.3,54,12,75,31,199,2008,401,1723,4.3,12,12,1,60,102,25.4,9
Packers,541,343,63.4,7.5,4044,28,13,93.3,182,33.6,48,16,71,34,231,2008,437,1805,4.1,11,10,2,73,98,22.4,11
Chiefs,541,310,57.3,6.2,3358,23,16,77.6,161,29.8,35,5,75,37,229,2008,379,1810,4.8,9,15,3,65,94,24.8,11
Jaguars,537,335,62.4,6.7,3620,15,13,81.4,183,34.1,42,1,41,42,288,2008,426,1774,4.2,17,11,2,46,106,24.9,5
Patriots,534,339,63.5,7.1,3790,21,11,89.1,186,34.8,38,6,76,48,221,2008,513,2278,4.4,21,11,2,49,145,28.3,4
Jets,529,347,65.6,6.6,3516,22,23,80.2,186,35.2,40,7,56,30,213,2008,422,2004,4.8,20,11,4,61,94,22.3,9
Bears,528,304,57.6,6.1,3229,20,14,77.1,153,29,35,3,65,29,168,2008,434,1673,3.8,15,10,2,50,98,22.6,4
Rams,520,292,56.2,6.3,3268,11,19,66.9,140,26.9,41,8,80,45,321,2008,417,1649,4,8,9,1,56,95,22.8,8
Bengals,513,303,59.1,5.2,2677,11,15,68,145,28.3,21,2,79,51,271,2008,420,1520,3.6,6,7,1,46,80,19,10
Redskins,510,318,62.4,6.4,3291,14,6,85.2,165,32.4,34,3,67,38,266,2008,478,2095,4.4,12,17,0,31,109,22.8,5
Lions,509,281,55.2,6.5,3299,18,19,71.3,143,28.1,43,7,96,52,339,2008,352,1332,3.8,10,9,1,50,70,19.9,8
Niners,509,309,60.7,7.3,3724,21,19,81.4,176,34.6,55,6,63,55,345,2008,397,1599,4,10,9,1,41,82,20.6,15
Steelers,506,303,59.9,7.1,3607,19,15,81.8,179,35.4,39,8,65,49,306,2008,460,1690,3.7,16,8,0,34,93,20.2,4
Dolphins,491,330,67.2,7.7,3761,20,7,97.6,184,37.5,39,8,80,26,129,2008,448,1897,4.2,18,11,4,62,111,24.8,6
Giants,491,298,60.7,6.8,3353,23,10,88.2,176,35.8,34,4,48,28,176,2008,502,2518,5,19,24,3,77,130,25.9,7
Browns,488,238,48.8,5.2,2537,11,20,54.8,127,26,26,6,70,24,157,2008,409,1605,3.9,6,7,1,72,84,20.5,8
Bills,479,309,64.5,6.9,3302,14,15,81.3,167,34.9,38,6,87,38,262,2008,439,1842,4.2,16,9,1,50,107,24.4,7
Chargers,478,312,65.3,8.4,4009,34,11,105.5,191,40,48,12,67,25,151,2008,421,1726,4.1,13,11,3,45,92,21.8,3
Seahawks,474,262,55.3,6,2831,18,15,72.5,142,30,29,5,90,36,214,2008,417,1768,4.2,10,13,2,45,103,24.7,7
Titans,453,265,58.5,6.4,2902,13,9,78.8,143,31.6,36,5,56,12,83,2008,508,2199,4.3,24,15,5,80,108,21.3,6
Vikings,452,267,59.1,7.1,3217,22,17,81.5,150,33.2,40,12,99,43,261,2008,519,2338,4.5,15,23,4,67,119,22.9,13
Falcons,434,265,61.1,7.9,3440,16,11,87.7,157,36.2,45,9,70,17,104,2008,560,2443,4.4,23,16,5,70,130,23.2,8
Ravens,433,261,60.3,7.1,3085,16,12,82.8,147,34,40,11,70,33,277,2008,592,2376,4,20,10,4,82,132,22.3,11
Raiders,421,222,52.7,6.3,2639,13,11,71.6,123,29.2,39,5,84,39,270,2008,459,1987,4.3,9,12,3,67,87,19,11
Panthers,414,246,59.4,7.9,3288,15,12,84.7,152,36.7,45,9,65,20,130,2008,504,2437,4.8,30,24,6,69,118,23.4,4
Seahawks,609,372,61.1,6.2,3771,20,19,76.7,184,30.2,39,6,53,41,268,2009,395,1566,4,7,11,1,62,80,20.2,11
Colts,601,402,66.9,7.7,4605,34,19,95.4,241,40.1,62,8,80,13,90,2009,366,1294,3.5,16,6,1,45,69,18.8,4
Cardinals,594,392,66,7.1,4200,27,18,89.1,215,36.2,49,3,45,26,184,2009,365,1494,4.1,16,7,1,50,77,21.1,12
Texans,593,399,67.3,8.1,4803,29,17,96.3,231,39,63,15,72,25,149,2009,425,1475,3.5,13,4,0,32,93,21.9,11
Patriots,592,390,65.9,7.7,4540,28,13,95.6,222,37.5,43,12,81,18,104,2009,466,1921,4.1,19,7,2,55,114,24.5,7
Lions,585,316,54,5.9,3471,16,32,58.1,168,28.7,39,6,75,43,303,2009,409,1616,4,9,5,1,64,82,20,7
Falcons,570,332,58.2,6.5,3697,26,17,80.4,192,33.7,39,5,90,27,126,2009,451,1876,4.2,15,17,2,58,105,23.3,5
Bears,563,340,60.4,6.5,3677,27,27,75.6,170,30.2,56,6,71,35,204,2009,373,1492,4,6,7,3,72,71,19,10
Broncos,558,341,61.1,6.8,3825,21,13,84.4,186,33.3,43,9,87,34,198,2009,440,1836,4.2,9,7,1,45,95,21.6,6
Packers,553,357,64.6,8.1,4492,30,8,101.8,201,36.4,55,17,83,51,312,2009,438,1885,4.3,20,11,2,62,102,23.3,3
Vikings,553,377,68.2,8,4403,34,7,107.3,220,39.8,55,13,63,34,247,2009,467,1918,4.1,19,15,3,64,99,21.2,8
Eagles,553,335,60.6,7.9,4380,27,13,92,182,32.9,65,21,71,38,291,2009,384,1637,4.3,14,7,3,67,87,22.7,7
Cowboys,550,347,63.1,8.2,4483,26,9,97.6,203,36.9,61,17,80,34,196,2009,436,2103,4.8,14,14,5,66,110,25.2,6
Dolphins,545,331,60.7,6.2,3396,15,19,73.3,188,34.5,29,4,67,34,226,2009,509,2231,4.4,22,9,3,68,129,25.3,11
Saints,544,378,69.5,8.2,4490,34,12,106,215,39.5,58,11,75,20,135,2009,468,2106,4.5,21,14,2,55,115,24.6,6
Rams,543,312,57.5,5.5,2970,12,21,64,159,29.3,32,2,50,44,284,2009,411,1784,4.3,4,11,3,58,79,19.2,7
Giants,542,338,62.4,7.8,4246,28,14,93.2,194,35.8,62,12,74,32,227,2009,443,1837,4.2,14,8,0,38,103,23.2,12
Chiefs,536,296,55.2,5.9,3183,18,17,70.8,139,25.9,41,9,61,45,261,2009,438,1929,4.4,8,11,5,76,91,20.8,14
Steelers,536,351,65.5,8.4,4496,28,14,98.1,210,39.2,64,14,60,50,348,2009,428,1793,4.2,10,13,1,60,96,22.4,8
Redskins,533,340,63.8,7.1,3797,21,16,85.6,191,35.8,43,10,84,46,307,2009,391,1510,3.9,8,6,1,78,72,18.4,6
Niners,528,312,59.1,6.2,3293,23,14,80.8,137,26,42,7,73,40,241,2009,371,1600,4.3,12,13,4,80,77,20.8,5
Buccaneers,524,279,53.2,6,3134,18,29,59.8,148,28.2,40,4,47,33,161,2009,404,1627,4,5,12,0,35,80,19.8,12
Jaguars,519,315,60.7,6.9,3599,15,10,83.2,170,32.8,44,6,63,44,243,2009,447,2029,4.5,19,12,3,80,114,25.5,7
Chargers,519,338,65.1,8.7,4506,29,10,103.1,222,42.8,67,13,81,26,168,2009,427,1423,3.3,17,7,0,36,80,18.7,2
Ravens,510,321,62.9,7.1,3637,21,13,87.4,187,36.7,44,8,72,36,218,2009,468,2200,4.7,22,16,4,77,115,24.6,6
Raiders,485,255,52.6,5.9,2875,10,18,62,131,27,30,4,86,49,318,2009,410,1701,4.2,7,11,2,60,81,19.8,8
Bengals,477,286,60,6.6,3134,21,13,82.7,159,33.3,36,5,73,29,244,2009,505,2056,4.1,9,17,2,61,109,21.6,8
Titans,476,271,56.9,6.5,3104,16,15,74.8,154,32.4,32,8,69,15,73,2009,499,2592,5.2,19,24,8,91,115,23,14
Panthers,465,264,56.8,6.6,3070,16,20,70.4,152,32.7,39,10,66,33,271,2009,525,2498,4.8,18,19,6,77,123,23.4,11
Browns,443,219,49.4,5.1,2255,11,18,55.8,118,26.6,25,4,59,30,179,2009,498,2087,4.2,10,8,1,71,102,20.5,6
Bills,441,256,58,6.3,2789,17,19,71.7,126,28.6,31,6,98,46,274,2009,424,1867,4.4,6,12,2,47,81,19.1,6
Jets,393,210,53.4,6.6,2596,12,21,62,131,33.3,37,8,65,30,216,2009,607,2756,4.5,21,19,3,71,132,21.8,9
Colts,679,450,66.3,6.9,4700,33,17,91.9,253,37.3,43,9,73,16,91,2010,393,1483,3.8,13,7,3,49,87,22.1,5
Saints,661,450,68.1,7,4636,33,22,90.8,236,35.7,47,10,80,26,195,2010,380,1519,4,9,7,2,55,94,24.7,7
Lions,633,383,60.5,6.3,4001,26,16,82,199,31.4,43,6,87,27,191,2010,404,1613,4,11,9,2,45,83,20.5,6
Redskins,605,349,57.7,7,4261,21,19,78,194,32.1,51,13,76,46,348,2010,351,1461,4.2,9,12,1,54,72,20.5,6
Bengals,590,365,61.9,6.8,3988,26,20,82.4,206,34.9,45,9,78,28,221,2010,428,1522,3.6,8,3,1,42,85,19.9,11
Rams,590,354,60,6,3512,18,15,76.5,179,30.3,36,4,49,34,244,2010,429,1578,3.7,9,9,1,42,84,19.6,2
Broncos,580,334,57.6,7.4,4307,25,12,86.8,204,35.2,62,13,71,40,269,2010,398,1544,3.9,13,6,1,40,81,20.4,12
Falcons,577,361,62.6,6.5,3725,28,9,90.8,200,34.7,32,6,46,23,158,2010,497,1891,3.8,14,12,1,55,111,22.3,4
Cowboys,576,379,65.8,7.3,4208,29,19,90.4,201,34.9,57,8,71,31,166,2010,428,1786,4.2,10,11,1,60,104,24.3,5
Texans,574,365,63.6,7.6,4370,24,12,92,222,38.7,59,9,60,32,226,2010,423,2042,4.8,20,16,3,74,118,27.9,5
Eagles,561,348,62,7.5,4215,28,13,92.1,189,33.7,61,15,91,49,309,2010,428,2324,5.4,18,19,6,62,116,27.1,7
Cardinals,561,285,50.8,5.8,3264,10,19,60.5,154,27.4,44,3,74,50,343,2010,320,1388,4.3,9,11,2,80,65,20.3,7
Dolphins,557,335,60.1,6.7,3755,17,21,74.8,189,33.9,44,4,57,38,228,2010,445,1643,3.7,8,5,2,51,91,20.4,12
Chargers,544,359,66,8.7,4746,30,13,101.8,236,43.4,66,14,59,38,227,2010,457,1810,4,18,13,0,36,94,20.6,13
Seahawks,544,324,59.6,6.5,3536,14,20,72.1,159,29.2,39,11,87,35,195,2010,385,1424,3.7,13,12,0,39,81,21,3
Packers,541,352,65.1,8,4355,31,13,98.9,204,37.7,57,11,86,38,231,2010,421,1606,3.8,11,3,1,71,88,20.9,4
Giants,539,339,62.9,7.4,4002,31,25,85.3,192,35.6,57,7,92,16,117,2010,480,2200,4.6,17,23,3,73,111,23.1,12
Jets,525,288,54.9,6.5,3420,20,14,76.5,171,32.6,44,11,74,28,178,2010,534,2374,4.4,14,11,2,53,118,22.1,11
Bills,519,296,57,6.5,3371,24,21,75.2,166,32,42,8,65,34,213,2010,401,1720,4.3,6,9,0,39,82,20.4,11
Patriots,507,331,65.3,7.9,4022,37,5,109.8,196,38.7,54,10,79,25,175,2010,454,1973,4.4,19,9,0,36,119,26.2,2
Vikings,505,305,60.4,6.6,3327,14,26,67.6,159,31.5,47,3,53,36,230,2010,441,1942,4.4,16,11,2,80,104,23.6,7
Niners,500,282,56.4,7.2,3613,19,15,79.4,149,29.8,53,10,66,44,257,2010,401,1657,4.1,10,8,1,64,85,21.2,6
Buccaneers,494,306,61.9,7.2,3564,26,6,96.2,172,34.8,49,10,64,30,203,2010,431,2001,4.6,9,16,5,61,97,22.5,7
Ravens,491,308,62.7,7.4,3629,25,10,93.6,175,35.6,40,7,67,40,294,2010,487,1831,3.8,11,7,1,50,97,19.9,6
Raiders,491,279,56.8,7.1,3471,18,16,77.5,159,32.4,45,12,73,44,291,2010,504,2494,5,19,27,6,71,113,22.4,9
Panthers,484,256,52.9,5.4,2635,9,21,57,125,25.8,30,3,88,50,346,2010,428,1846,4.3,7,14,4,60,78,18.2,16
Steelers,479,298,62.2,8.1,3890,22,9,95.2,175,36.5,62,11,56,43,289,2010,471,1924,4.1,15,16,1,50,106,22.5,9
Browns,478,296,61.9,6.7,3203,13,18,75,154,32.2,42,6,65,36,214,2010,413,1646,4,13,7,2,68,87,21.1,13
Chiefs,475,274,57.7,6.7,3189,27,8,90.1,167,35.2,40,4,75,32,221,2010,556,2627,4.7,13,15,4,80,129,23.2,7
Titans,474,273,57.6,6.9,3278,24,15,82.6,155,32.7,44,8,80,27,171,2010,406,1727,4.2,13,15,5,76,73,18,7
Jaguars,469,291,62,7.2,3356,26,21,83.4,161,34.3,47,6,75,38,291,2010,512,2395,4.7,14,14,1,74,148,28.9,8
Bears,466,276,59.2,7.3,3397,23,21,79.5,163,35,42,6,89,56,382,2010,414,1616,3.9,10,11,2,68,76,18.4,1
Lions,666,423,63.5,7.6,5071,41,16,97.2,244,36.6,65,16,73,36,257,2011,356,1523,4.3,9,8,3,88,71,19.9,6
Saints,662,472,71.3,8.3,5505,46,14,110.5,280,42.3,69,11,79,24,158,2011,431,2127,4.9,16,14,0,36,116,26.9,3
Patriots,612,402,65.7,8.6,5257,39,12,105.7,262,42.8,72,14,99,32,173,2011,438,1764,4,18,5,0,33,107,24.4,3
Falcons,594,365,61.4,7.4,4365,29,13,91.1,215,36.2,56,10,80,26,173,2011,453,1834,4,14,11,4,81,100,22.1,4
Redskins,591,346,58.5,6.9,4058,19,24,73.3,204,34.5,57,7,51,41,285,2011,400,1614,4,8,10,0,39,79,19.8,4
Giants,589,359,61,8.4,4933,29,16,92.9,216,36.7,67,18,99,28,199,2011,411,1427,3.5,17,4,0,37,84,20.4,6
Buccaneers,588,365,62.1,6.5,3838,17,24,73.6,180,30.6,37,6,65,32,188,2011,346,1458,4.2,9,7,1,54,74,21.4,8
Titans,584,353,60.4,7,4113,22,14,84.4,185,31.7,51,14,80,24,190,2011,376,1438,3.8,8,14,1,48,71,18.9,5
Chargers,582,366,62.9,8,4624,27,20,88.7,234,40.2,69,8,58,30,198,2011,436,1864,4.3,16,13,2,41,97,22.2,8
Bills,578,356,61.6,6.7,3857,24,25,77,180,31.1,48,8,60,23,154,2011,391,1921,4.9,12,17,3,80,99,25.3,10
Browns,570,320,56.1,5.8,3300,16,13,72.8,173,30.4,32,6,76,39,210,2011,415,1531,3.7,4,7,1,40,77,18.6,10
Cowboys,570,376,66,7.8,4453,33,12,100.1,219,38.4,58,11,77,39,252,2011,408,1807,4.4,5,11,3,91,91,22.3,8
Eagles,554,330,59.6,7.7,4276,22,25,78.3,197,35.6,64,10,73,32,166,2011,450,2276,5.1,20,20,3,60,134,29.8,9
Packers,552,376,68.1,9.4,5161,51,8,122.6,230,41.7,70,16,93,41,237,2011,395,1558,3.9,12,8,2,47,89,22.5,4
Cardinals,550,307,55.8,7.2,3954,21,23,73.9,175,31.8,55,15,73,54,387,2011,389,1625,4.2,12,7,2,71,83,21.3,8
Rams,549,292,53.2,5.9,3258,9,10,69,159,29,37,3,68,55,388,2011,409,1667,4.1,7,7,2,47,79,19.3,6
Jets,547,310,56.7,6.5,3542,26,18,78.4,173,31.6,41,3,74,40,245,2011,443,1692,3.8,14,7,0,31,90,20.3,8
Ravens,544,314,57.7,6.7,3629,21,12,81.7,181,33.3,44,7,74,33,206,2011,459,1996,4.4,15,13,5,70,98,21.4,6
Steelers,539,341,63.3,8,4333,21,15,89.7,221,41,60,10,95,42,279,2011,434,1903,4.4,13,9,3,76,96,22.1,5
Bengals,535,308,57.6,6.6,3507,21,14,79.6,160,29.9,51,11,84,25,167,2011,455,1778,3.9,10,6,1,42,93,20.4,7
Colts,534,302,56.6,6,3223,14,14,72.2,170,31.8,32,6,87,35,228,2011,382,1594,4.2,8,7,2,80,69,18.1,7
Raiders,524,315,60.1,7.9,4119,20,23,79.4,186,35.5,63,14,78,25,157,2011,466,2110,4.5,16,21,4,70,110,23.6,7
Panthers,519,312,60.1,7.9,4089,21,17,84.8,175,33.7,66,9,91,35,260,2011,445,2408,5.4,26,24,3,74,139,31.2,3
Vikings,510,286,56.1,6.4,3255,20,17,74.6,159,31.2,41,7,72,49,298,2011,448,2318,5.2,18,19,5,67,118,26.3,7
Seahawks,509,299,58.7,6.8,3444,15,14,77.6,153,30.1,51,9,61,50,339,2011,444,1756,4,15,8,3,48,89,20,8
Chiefs,500,299,59.8,6.6,3288,13,18,73,163,32.6,39,7,52,34,208,2011,487,1893,3.9,5,13,0,34,89,18.3,5
Bears,473,268,56.7,7.1,3346,18,20,73.8,153,32.4,43,7,81,49,335,2011,456,2015,4.4,10,18,4,46,96,21,7
Jaguars,469,240,51.2,5.4,2510,12,15,62.2,122,26,30,4,74,44,331,2011,489,1970,4,9,10,3,56,103,21.1,13
Dolphins,469,280,59.7,7.3,3425,20,13,84.9,166,35.4,56,7,65,52,334,2011,469,1987,4.2,11,11,1,76,89,19,13
Texans,467,288,61.7,7.9,3696,20,9,92.7,176,37.7,55,11,80,33,190,2011,546,2448,4.5,18,13,4,56,130,23.8,10
Niners,451,277,61.4,7.1,3193,18,5,91.4,150,33.3,41,6,56,44,263,2011,498,2044,4.1,14,16,4,55,101,20.3,5
Broncos,429,217,50.6,6.3,2708,20,13,73.4,130,30.3,36,8,56,42,274,2011,546,2632,4.8,11,20,1,60,129,23.6,11
Lions,740,445,60.1,6.9,5139,22,17,81.5,272,36.8,67,10,57,29,212,2012,391,1613,4.1,17,4,1,67,84,21.5,7
Saints,671,423,63,7.7,5187,43,19,96.4,267,39.8,66,13,80,26,190,2012,370,1577,4.3,10,11,3,56,64,17.3,0
Cowboys,658,434,66,7.6,4992,29,19,91.3,237,36,55,9,85,36,263,2012,355,1265,3.6,8,6,1,48,76,21.4,6
Patriots,641,402,62.7,7.6,4844,34,9,97.7,256,39.9,57,8,83,27,182,2012,523,2184,4.2,25,11,2,47,151,28.9,6
Raiders,629,376,59.8,6.8,4292,24,16,82.4,200,31.8,52,10,64,27,208,2012,376,1420,3.8,4,8,3,64,72,19.2,4
Colts,628,339,54,7,4374,23,18,76.4,208,33.1,65,11,70,41,246,2012,440,1671,3.8,11,5,0,26,110,25,5
Eagles,618,367,59.4,6.6,4075,18,15,78.6,190,30.7,51,6,77,48,284,2012,413,1874,4.5,10,14,2,65,111,26.9,18
Falcons,615,422,68.6,7.7,4719,32,14,99.1,246,40,46,10,80,28,210,2012,378,1397,3.7,12,7,2,43,70,18.5,4
Cardinals,608,337,55.4,5.6,3383,11,21,63.1,168,27.6,36,3,53,58,378,2012,352,1204,3.4,10,9,3,52,58,16.5,6
Broncos,588,402,68.4,7.9,4671,37,11,105.3,232,39.5,64,7,71,21,137,2012,481,1832,3.8,12,7,0,31,112,23.3,8
Jaguars,586,328,56,6.4,3746,20,17,74.6,157,26.8,48,8,81,50,327,2012,358,1369,3.8,5,6,1,59,76,21.2,8
Steelers,574,354,61.7,7,4012,27,14,88.1,202,35.2,49,7,82,37,225,2012,412,1537,3.7,8,8,0,34,80,19.4,8
Browns,566,328,58,6.5,3668,16,18,73.6,185,32.7,50,6,71,36,233,2012,396,1593,4,12,7,0,35,71,17.9,8
Buccaneers,566,311,55,7.3,4144,27,17,81.8,188,33.2,57,16,95,26,161,2012,416,1837,4.4,13,12,5,70,89,21.4,3
Ravens,560,334,59.6,7.1,3996,22,11,86.4,182,32.5,62,12,61,38,257,2012,444,1901,4.3,17,10,3,78,98,22.1,4
Packers,558,374,67,7.8,4342,40,8,108.3,213,38.2,55,9,73,51,293,2012,433,1702,3.9,9,8,1,41,85,19.6,4
Rams,557,332,59.6,6.8,3783,22,14,82.8,189,33.9,43,8,80,35,233,2012,410,1714,4.2,5,10,3,53,79,19.3,5
Texans,554,354,63.9,7.3,4046,22,13,89.2,205,37,46,8,60,28,216,2012,508,2123,4.2,19,15,2,81,114,22.4,5
Bengals,540,335,62,7,3807,28,16,88.1,173,32,39,14,73,46,229,2012,430,1745,4.1,11,13,3,48,95,22.1,4
Titans,540,318,58.9,6.6,3577,17,16,76.9,166,30.7,42,7,71,39,254,2012,378,1687,4.5,10,13,3,94,70,18.5,6
Giants,539,323,59.9,7.4,3967,26,15,87.2,187,34.7,50,10,80,20,142,2012,409,1862,4.6,18,13,2,52,103,25.2,6
Chargers,528,338,64,6.8,3606,26,15,88.5,184,34.8,41,3,80,49,311,2012,411,1461,3.6,4,4,1,52,81,19.7,5
Bills,511,309,60.5,6.7,3430,24,17,82.2,176,34.4,44,7,68,30,161,2012,442,2217,5,12,15,5,62,103,23.3,7
Dolphins,504,293,58.1,6.8,3425,13,13,76.7,158,31.4,42,3,80,37,243,2012,440,1802,4.1,15,13,2,65,93,21.1,13
Jets,493,272,55.2,6.4,3178,14,19,68.3,162,32.9,40,6,66,47,287,2012,494,1896,3.8,12,5,1,61,102,20.6,9
Panthers,490,284,58,8,3927,19,12,86.5,171,34.9,58,11,82,36,244,2012,462,2088,4.5,21,17,4,72,123,26.6,8
Bears,485,287,59.2,6.8,3298,21,16,80.4,163,33.6,39,6,60,44,299,2012,470,1970,4.2,11,11,2,46,99,21.1,4
Vikings,483,300,62.1,6.1,2935,18,12,81.2,163,33.8,28,3,65,32,184,2012,486,2634,5.4,16,33,8,82,113,23.2,9
Chiefs,475,273,57.5,6.2,2937,8,20,63.8,144,30.3,36,3,57,40,224,2012,500,2395,4.8,9,13,5,91,118,23.6,11
Redskins,442,291,65.8,8.3,3666,24,8,102.1,171,38.7,53,8,88,33,244,2012,519,2709,5.2,22,16,2,76,144,27.8,13
Niners,436,289,66.3,8.1,3551,23,8,101.2,172,39.4,54,8,57,41,253,2012,492,2491,5.1,17,17,2,50,126,25.6,11
Seahawks,405,259,64,8,3234,27,10,100.6,153,37.8,45,11,67,33,203,2012,536,2579,4.8,16,14,2,77,128,23.9,7
Browns,681,379,55.6,6.4,4372,26,20,75.7,200,29.4,52,14,95,49,325,2013,348,1383,4,4,9,2,45,77,22.1,2
Broncos,675,461,68.3,8.2,5572,55,10,114.4,293,43.4,68,13,78,20,128,2013,461,1873,4.1,16,9,1,45,107,23.2,10
Falcons,659,445,67.5,6.9,4541,26,17,89.5,227,34.4,44,9,81,44,298,2013,321,1247,3.9,11,6,2,50,64,19.9,1
Saints,651,446,68.5,7.9,5162,39,12,104.5,244,37.5,67,15,76,37,244,2013,391,1473,3.8,10,7,0,38,87,22.2,1
Lions,634,371,58.5,7.3,4650,29,19,84.2,221,34.9,62,10,87,23,168,2013,445,1792,4,15,8,0,39,105,23.6,19
Texans,633,371,58.6,6.6,4183,19,22,74,198,31.3,53,9,66,42,370,2013,414,1743,4.2,7,7,1,60,89,21.5,5
Patriots,628,380,60.5,6.9,4343,25,11,87.3,225,35.8,49,8,81,40,256,2013,470,2065,4.4,19,12,2,47,109,23.2,10
Ravens,619,363,58.6,6.3,3914,19,23,72,189,30.5,45,14,74,48,324,2013,423,1328,3.1,7,5,1,47,68,16.1,2
Redskins,611,355,58.1,6.6,4057,20,19,76.1,198,32.4,39,6,62,43,306,2013,453,2164,4.8,14,16,1,45,112,24.7,11
Dolphins,594,357,60.1,6.7,3966,24,19,80.1,205,34.5,47,11,67,58,399,2013,349,1440,4.1,8,8,4,55,61,17.5,5
Jaguars,592,349,59,6.3,3751,16,21,71.8,176,29.7,44,6,67,50,310,2013,378,1260,3.3,7,7,2,48,71,18.8,5
Bengals,587,364,62,7.4,4318,33,20,89,205,34.9,57,15,82,29,182,2013,481,1755,3.6,14,5,0,35,101,21,7
Cowboys,586,375,64,7.2,4226,33,12,95.7,213,36.4,48,7,82,35,272,2013,336,1504,4.5,12,9,4,45,80,23.8,5
Steelers,586,377,64.3,7.4,4306,28,14,92.3,207,35.3,61,10,67,43,289,2013,394,1383,3.5,9,7,1,43,81,20.6,6
Colts,582,350,60.1,6.8,3952,23,10,86.5,191,32.8,45,10,73,32,227,2013,409,1743,4.3,15,11,2,51,88,21.5,3
Bears,579,373,64.4,7.7,4450,32,13,96.9,215,37.1,53,11,80,30,169,2013,404,1828,4.5,13,13,5,55,102,25.2,4
Cardinals,574,363,63.2,7.5,4291,24,22,83.9,205,35.7,49,9,91,41,289,2013,422,1540,3.6,12,10,1,80,84,19.9,7
Packers,570,366,64.2,8,4538,25,16,91.7,201,35.3,65,11,83,45,270,2013,459,2136,4.6,17,11,5,67,118,25.7,7
Giants,567,325,57.3,6.8,3875,18,29,67.6,176,31,54,7,70,40,287,2013,381,1332,3.5,11,4,1,49,77,20.2,12
Chiefs,546,333,61,6.5,3561,24,8,88.6,179,32.8,45,7,71,41,221,2013,442,2056,4.6,17,13,1,46,110,24.9,8
Vikings,546,325,59.5,6.7,3645,18,19,76,173,31.7,54,7,79,44,218,2013,423,2081,4.9,23,16,5,78,105,24.8,9
Chargers,544,378,69.5,8.2,4478,32,11,105.5,230,42.3,60,6,60,30,150,2013,486,1965,4,9,7,2,51,103,21.2,5
Titans,533,328,61.5,7,3710,22,16,83.6,172,32.3,48,10,77,37,214,2013,462,1894,4.1,16,11,0,39,103,22.3,8
Bills,522,299,57.3,6.5,3373,16,15,75,149,28.5,46,9,59,48,270,2013,546,2307,4.2,15,11,5,77,113,20.7,12
Raiders,519,298,57.4,7,3629,17,20,73.9,168,32.4,48,8,73,44,289,2013,437,2000,4.6,16,18,3,93,90,20.6,7
Buccaneers,514,291,56.6,6.2,3181,22,12,79.6,157,30.5,39,7,85,47,361,2013,420,1612,3.8,6,9,2,80,75,17.9,6
Eagles,508,310,61,8.7,4406,32,9,102.7,197,38.8,80,18,70,46,296,2013,500,2566,5.1,19,19,5,65,133,26.6,5
Rams,506,301,59.5,6.6,3360,22,11,84.8,165,32.6,41,5,81,36,235,2013,426,1752,4.1,10,11,4,65,82,19.2,6
Jets,480,266,55.4,6.8,3270,13,22,66.6,154,32.1,47,6,69,47,338,2013,493,2158,4.4,12,14,2,69,105,21.3,7
Panthers,473,292,61.7,7.1,3379,24,13,88.8,169,35.7,33,7,79,43,336,2013,483,2026,4.2,14,10,2,56,122,25.3,3
Seahawks,420,267,63.6,8.4,3508,27,9,102.4,160,38.1,52,10,80,44,272,2013,509,2188,4.3,14,11,1,43,116,22.8,6
Niners,417,244,58.5,7.7,3210,21,8,91.7,148,35.5,46,10,64,39,231,2013,505,2201,4.4,18,20,3,51,115,22.8,7
Colts,661,410,62,7.7,5062,42,16,96.8,251,38,78,15,80,29,168,2014,415,1612,3.9,9,7,1,49,80,19.3,10
Saints,659,456,69.2,7.5,4952,33,17,97,258,39.2,52,10,69,30,188,2014,406,1818,4.5,16,10,2,67,101,24.9,6
Falcons,632,418,66.1,7.5,4758,28,15,93.4,233,36.9,61,9,79,31,205,2014,372,1498,4,11,7,2,55,75,20.2,4
Raiders,629,365,58,5.5,3456,22,16,74.4,173,27.5,30,7,77,28,181,2014,337,1240,3.7,4,6,2,90,56,16.6,10
Eagles,621,384,61.8,7.4,4581,27,21,84.8,218,35.1,63,13,72,32,225,2014,474,1992,4.2,16,12,2,53,109,23,10
Steelers,612,411,67.2,8.2,4997,33,10,103.2,243,39.7,56,15,94,33,172,2014,423,1752,4.1,10,9,3,81,98,23.2,7
Bears,609,396,65,6.6,4035,30,19,87.3,194,31.9,41,8,74,41,243,2014,355,1441,4.1,8,5,0,32,91,25.6,6
Patriots,609,392,64.4,7,4291,34,9,97.5,228,37.4,46,8,69,26,170,2014,438,1727,3.9,13,7,1,43,96,21.9,1
Broncos,607,399,65.7,7.9,4779,40,15,101.3,227,37.4,67,11,86,17,118,2014,443,1785,4,15,13,1,47,98,22.1,6
Giants,607,383,63.1,7.4,4470,30,14,92.2,218,35.9,53,10,80,30,198,2014,449,1603,3.6,13,4,2,50,83,18.5,1
Lions,604,365,60.4,7.1,4284,22,12,85.9,210,34.8,54,11,73,45,254,2014,396,1422,3.6,11,6,1,57,72,18.2,7
Dolphins,595,394,66.2,6.8,4066,27,12,92.5,226,38,41,4,50,46,337,2014,399,1872,4.7,12,13,2,97,99,24.8,8
Bills,579,363,62.7,6.7,3856,23,13,86,186,32.1,52,8,84,39,242,2014,402,1482,3.7,7,7,3,53,65,16.2,5
Chargers,574,380,66.2,7.5,4296,31,18,93.4,214,37.3,57,9,59,37,198,2014,398,1367,3.4,6,6,1,52,75,18.8,5
Cardinals,568,320,56.3,7,3990,21,12,81.8,191,33.6,58,11,81,28,182,2014,397,1308,3.3,6,6,0,22,67,16.9,4
Jaguars,557,325,58.4,6.2,3451,15,18,72,154,27.6,43,9,63,71,450,2014,360,1633,4.5,9,15,2,62,86,23.9,6
Ravens,554,344,62.1,7.2,3986,27,12,91,194,35,50,7,80,19,167,2014,448,2019,4.5,16,24,3,52,113,25.2,6
Redskins,547,364,66.5,8.2,4461,18,18,88.8,186,34,57,20,81,58,414,2014,401,1691,4.2,15,11,0,30,88,22,9
Panthers,545,327,60,7,3828,23,12,86.2,199,36.5,43,4,51,42,317,2014,473,2036,4.3,10,7,1,69,117,24.7,9
Packers,536,349,65.1,8.3,4447,38,6,109.9,222,41.4,59,15,80,30,186,2014,435,1917,4.4,14,11,2,44,104,23.9,7
Buccaneers,531,301,56.7,6.8,3623,21,20,75.2,162,30.5,51,9,56,52,326,2014,353,1375,3.9,7,8,3,63,72,20.4,5
Vikings,517,322,62.3,6.9,3566,17,18,79.2,171,33.1,43,7,87,51,322,2014,413,1804,4.4,12,11,3,67,90,21.8,3
Rams,515,327,63.5,7.2,3695,20,16,84.9,189,36.7,43,7,63,47,295,2014,395,1635,4.1,11,7,1,89,79,20,7
Titans,513,299,58.3,7.3,3738,20,16,81,159,31,50,8,80,50,326,2014,356,1447,4.1,6,7,1,52,75,21.1,5
Bengals,503,323,64.2,7.1,3551,20,17,84.2,164,32.6,35,8,81,23,130,2014,492,2147,4.4,19,14,4,89,122,24.8,8
Browns,502,274,54.6,7.3,3678,12,16,72.8,179,35.7,56,11,81,31,213,2014,477,1728,3.6,17,10,0,36,88,18.4,7
Jets,498,287,57.6,6.4,3206,16,15,75.1,154,30.9,40,9,74,47,260,2014,507,2280,4.5,11,10,2,71,112,22.1,10
Chiefs,493,320,64.9,7,3428,18,6,92.2,184,37.3,43,3,70,49,246,2014,420,1918,4.6,18,12,3,63,92,21.9,9
Niners,487,292,60,7,3407,20,10,86.3,165,33.9,49,5,80,52,344,2014,470,2176,4.6,10,14,2,90,104,22.1,10
Texans,485,295,60.8,7.1,3460,22,13,86.4,171,35.3,49,9,76,26,108,2014,551,2161,3.9,12,11,4,51,108,19.6,6
Cowboys,476,328,68.9,8.4,4008,37,11,110.9,205,43.1,54,12,68,30,224,2014,508,2354,4.6,16,19,5,65,106,20.9,9
Seahawks,454,287,63.2,7.7,3492,20,7,95.1,160,35.2,54,8,80,42,242,2014,525,2762,5.3,20,17,6,79,144,27.4,9
Ravens,676,426,63,6.6,4449,21,21,79.4,211,31.2,54,8,50,24,178,2015,383,1478,3.9,8,7,1,44,89,23.2,6
Saints,667,460,69,7.8,5205,32,12,100.6,247,37,72,13,80,32,235,2015,397,1491,3.8,16,6,2,70,98,24.7,3
Chargers,667,442,66.3,7.3,4855,30,13,94.5,230,34.5,53,8,80,40,264,2015,393,1358,3.5,4,9,1,53,79,20.1,7
Lions,632,420,66.5,7.1,4463,33,14,95.1,236,37.3,52,8,57,44,251,2015,354,1335,3.8,7,7,0,36,71,20.1,7
Patriots,629,404,64.2,7.6,4812,36,7,101.9,229,36.4,59,12,76,38,225,2015,383,1404,3.7,14,4,0,38,87,22.7,2
Giants,623,392,62.9,7.2,4500,36,14,94.5,208,33.4,53,16,87,27,157,2015,403,1609,4,5,8,0,39,77,19.1,4
Eagles,623,405,65,7,4341,23,18,85.6,193,31,53,14,78,37,254,2015,442,1743,3.9,15,12,2,63,110,24.9,10
Falcons,621,410,66,7.4,4602,21,17,87.8,230,37,49,9,70,32,223,2015,420,1606,3.8,13,8,1,46,95,22.6,9
Texans,619,358,57.8,6.6,4079,29,12,85.3,210,33.9,46,8,61,36,246,2015,472,1731,3.7,7,7,1,41,90,19.1,5
Colts,619,355,57.4,6.4,3928,26,19,77.5,195,31.5,46,7,87,37,224,2015,396,1438,3.6,6,7,0,37,77,19.4,6
Browns,609,371,60.9,6.8,4156,20,12,84,192,31.5,48,12,61,53,374,2015,380,1529,4,5,10,2,54,81,21.3,5
Jaguars,607,355,58.5,7.3,4428,35,18,88.1,215,35.4,72,11,90,51,320,2015,354,1473,4.2,5,8,1,45,69,19.5,9
Broncos,606,368,60.7,7,4216,19,23,76.3,201,33.2,41,11,75,39,246,2015,411,1718,4.2,13,11,2,72,85,20.7,5
Raiders,605,373,61.6,6.8,4129,34,14,91,193,31.9,53,10,68,33,250,2015,370,1457,3.9,7,10,2,54,74,20,6
Jets,604,362,59.9,6.9,4170,33,16,88,210,34.8,56,9,69,22,113,2015,448,1868,4.2,11,13,2,58,99,22.1,6
Steelers,590,391,66.3,8.2,4822,26,21,91.2,207,35.1,61,21,88,33,219,2015,388,1724,4.4,16,15,3,55,91,23.4,5
Dolphins,588,365,62.1,7.2,4231,24,12,88.9,194,33,57,13,54,45,420,2015,344,1496,4.4,11,12,1,85,72,20.9,4
Packers,573,348,60.7,6.7,3825,31,8,92.7,173,30.2,55,6,65,47,322,2015,436,1850,4.2,8,9,1,65,100,22.9,8
Cardinals,562,353,62.8,8.5,4775,35,13,101,237,42.2,66,15,68,27,159,2015,452,1917,4.2,16,12,5,63,92,20.4,8
Redskins,555,386,69.6,7.7,4294,30,11,102,208,37.5,52,9,78,27,199,2015,429,1566,3.6,9,10,2,48,81,18.9,11
Titans,551,342,62.1,7.1,3893,25,17,85.5,195,35.4,49,6,61,54,390,2015,371,1485,4,10,10,2,87,66,17.8,9
Buccaneers,535,312,58.3,7.6,4042,22,15,84.2,201,37.6,57,9,68,27,190,2015,455,2162,4.8,12,20,5,84,99,21.8,9
Cowboys,528,334,63.3,7,3677,16,22,76.6,175,33.1,40,4,67,33,206,2015,408,1890,4.6,8,17,3,50,94,23,7
Niners,526,322,61.2,6.9,3646,16,12,82.6,154,29.3,46,12,76,53,330,2015,390,1544,4,7,6,2,47,83,21.3,8
Bears,523,334,63.9,7.4,3843,21,12,89.7,177,33.8,56,10,87,34,183,2015,468,1854,4,13,6,0,27,108,23.1,5
Bengals,505,334,66.1,8.1,4104,31,9,104.1,191,37.8,63,13,80,32,181,2015,467,1805,3.9,18,5,0,38,99,21.2,8
Panthers,501,300,59.9,7.7,3873,35,10,99.2,197,39.3,53,10,74,33,284,2015,526,2282,4.3,19,11,3,47,136,25.9,8
Seahawks,489,333,68.1,8.3,4061,34,8,109.8,190,38.8,60,9,80,46,271,2015,500,2268,4.5,10,12,2,69,128,25.6,7
Chiefs,473,310,65.5,7.4,3493,20,7,95.4,155,32.8,42,10,80,46,238,2015,436,2044,4.7,19,13,2,52,116,26.6,5
Rams,473,273,57.7,6.2,2931,11,11,74.1,126,26.6,35,10,68,18,126,2015,429,1956,4.6,16,19,7,71,92,21.4,12
Bills,465,295,63.4,7.7,3600,23,9,95.6,155,33.3,51,12,63,42,257,2015,509,2432,4.8,19,19,4,60,122,24,9
Vikings,454,294,64.8,7.2,3246,14,9,87.9,153,33.7,41,6,52,45,318,2015,474,2211,4.7,18,14,6,80,113,23.8,9
Ravens,679,439,64.6,6.4,4343,20,16,82.6,205,30.2,40,11,95,33,243,2016,367,1463,4,10,8,1,41,79,21.5,4
Saints,674,472,70,7.8,5258,38,15,102.5,265,39.3,71,11,98,27,184,2016,404,1742,4.3,17,8,2,75,105,26,2
Cardinals,646,383,59.3,6.8,4425,28,17,83.5,229,35.4,51,6,80,41,289,2016,399,1732,4.3,20,10,4,58,97,24.3,11
Jaguars,626,369,59,6.3,3925,24,16,79.5,207,33.1,44,4,51,34,197,2016,392,1631,4.2,8,7,3,57,75,19.1,9
Packers,620,403,65,7.2,4445,40,8,102.2,222,35.8,57,10,66,35,246,2016,374,1701,4.6,11,13,2,61,91,24.3,5
Eagles,609,380,62.4,6.2,3798,16,14,79.2,192,31.5,39,6,73,33,213,2016,438,1813,4.1,16,7,0,30,114,26,9
Redskins,607,407,67,8.2,4948,25,12,97.4,226,37.2,70,13,80,23,190,2016,379,1696,4.5,17,10,4,66,89,23.5,7
Giants,598,377,63,6.7,4027,26,16,86,190,31.8,46,11,75,22,148,2016,398,1412,3.6,6,7,0,25,73,18.3,2
Raiders,596,379,63.6,6.9,4137,29,7,95.3,198,33.2,51,8,75,18,86,2016,434,1922,4.4,17,19,2,75,98,22.6,8
Steelers,596,381,63.9,7.3,4377,33,15,93.9,210,35.2,64,10,72,21,175,2016,409,1760,4.3,13,5,2,60,97,23.7,6
Lions,594,388,65.3,7.3,4327,24,10,93.3,217,36.5,52,10,73,37,216,2016,350,1310,3.7,9,6,1,42,76,21.7,2
Vikings,588,414,70.4,7,4119,20,5,97.7,209,35.5,52,8,71,38,283,2016,380,1205,3.2,9,6,0,36,66,17.4,3
Colts,584,370,63.4,7.7,4491,32,15,94.5,220,37.7,63,8,64,44,289,2016,409,1628,4,13,4,0,33,93,22.7,5
Texans,583,347,59.5,5.9,3418,15,16,73.2,173,29.7,34,4,53,32,242,2016,456,1859,4.1,8,10,1,45,102,22.4,8
Chargers,580,349,60.2,7.6,4386,33,21,87.6,214,36.9,57,16,59,36,188,2016,398,1510,3.8,10,9,3,48,90,22.6,6
Buccaneers,578,355,61.4,7.2,4165,29,18,87,220,38.1,43,4,45,35,239,2016,453,1616,3.6,8,5,2,45,80,17.7,8
Broncos,570,339,59.5,6.9,3914,20,11,83.9,181,31.8,40,8,76,40,229,2016,410,1484,3.6,11,4,1,64,76,18.5,5
Browns,567,338,59.6,6.5,3693,15,14,77.4,181,31.9,44,9,58,66,429,2016,350,1712,4.9,13,12,3,85,83,23.7,12
Seahawks,567,368,64.9,7.8,4422,23,12,93.4,203,35.8,54,12,59,42,298,2016,403,1591,4,13,7,4,75,85,21.1,6
Panthers,563,306,54.4,7,3962,21,19,75.1,194,34.5,49,9,88,36,277,2016,453,1814,4,16,10,1,47,99,21.8,6
Bengals,563,364,64.6,7.5,4206,18,8,91.8,204,36.2,53,13,86,41,264,2016,446,1769,4,17,6,3,74,100,22.4,5
Bears,559,347,62.1,7.4,4139,19,19,81.8,212,37.9,49,4,64,28,170,2016,380,1735,4.6,10,13,2,69,93,24.5,9
Patriots,550,368,66.9,8.1,4456,32,2,109.5,203,36.9,56,9,79,24,148,2016,482,1872,3.9,19,8,3,44,109,22.6,8
Jets,550,311,56.6,6.6,3645,16,25,67.6,166,30.2,48,10,69,35,179,2016,418,1802,4.3,10,10,0,35,97,23.2,6
Chiefs,546,365,66.8,7.2,3914,19,8,93.2,197,36.1,46,9,80,32,174,2016,412,1748,4.2,15,12,5,70,86,20.9,5
Falcons,537,374,69.6,9.2,4960,38,7,116.8,239,44.5,69,17,76,37,235,2016,421,1928,4.6,20,15,4,75,108,25.6,3
Rams,536,312,58.2,6.2,3313,14,20,69.5,151,28.2,43,9,66,49,362,2016,375,1252,3.3,9,6,0,30,68,18.1,6
Titans,504,307,60.9,7.4,3720,29,11,93.7,175,34.7,53,8,60,28,179,2016,476,2187,4.6,16,8,3,75,115,24.2,10
49ers,491,287,58.4,6.4,3166,21,10,83.4,152,31,35,6,75,47,255,2016,458,2019,4.4,15,11,2,47,116,25.3,8
Cowboys,483,325,67.3,7.9,3799,25,6,103,191,39.5,39,8,83,28,168,2016,499,2396,4.8,24,17,3,60,142,28.5,9
Dolphins,477,316,66.2,7.8,3716,27,15,95.5,167,35,46,15,74,30,216,2016,405,1824,4.5,14,12,5,62,90,22.2,11
Bills,474,286,60.3,6.9,3250,17,7,86.7,155,32.7,35,8,84,46,214,2016,492,2630,5.4,29,27,5,75,146,29.7,11
Giants,608,373,61.4,6,3680,20,14,79.8,178,29.3,33,6,77,34,201,2017,394,1549,3.9,6,8,2,75,66,16.8,5
49ers,607,362,59.6,7,4235,15,15,78.8,206,33.9,49,14,83,43,310,2017,408,1662,4.1,15,8,1,61,88,21.6,7
Buccaneers,605,378,62.5,7.6,4607,26,14,90.6,243,40.2,47,6,70,40,241,2017,389,1450,3.7,8,5,0,36,76,19.5,7
Dolphins,602,373,62,6.3,3792,24,21,78.7,187,31.1,41,5,65,33,257,2017,360,1388,3.9,4,10,4,69,66,18.3,5
Cardinals,598,339,56.7,6.6,3979,21,18,76.2,200,33.4,55,5,52,52,339,2017,409,1386,3.4,6,5,0,33,66,16.1,9
Steelers,590,384,65.1,7.7,4534,29,15,94.1,217,36.8,56,16,97,24,154,2017,437,1667,3.8,12,6,0,29,96,22,4
Patriots,587,389,66.3,7.9,4619,32,8,102.6,232,39.5,63,10,64,35,201,2017,448,1889,4.2,16,10,1,44,107,23.9,4
Chargers,583,366,62.8,7.8,4551,28,11,95.1,220,37.7,61,12,75,18,120,2017,419,1595,3.8,10,10,1,87,84,20,5
Browns,574,312,54.4,6.2,3537,15,28,61.4,157,27.4,53,5,56,50,309,2017,384,1714,4.5,11,7,1,59,97,25.3,5
Lions,570,374,65.6,7.8,4470,29,11,98.4,210,36.8,61,16,71,47,287,2017,363,1221,3.4,10,7,0,34,58,16,6
Ravens,567,363,64,5.7,3235,20,13,81.4,168,29.6,29,5,66,27,205,2017,460,1856,4,14,8,1,50,111,24.1,5
Broncos,566,332,58.7,6.5,3668,19,22,73,180,31.8,55,3,54,52,335,2017,457,1852,4,8,8,1,40,92,20.1,5
Eagles,564,341,60.5,7,3967,38,9,97.6,193,34.2,43,9,72,36,230,2017,473,2115,4.5,9,19,3,71,108,22.8,11
Packers,562,352,62.6,6.3,3532,25,18,82,176,31.3,38,8,72,51,365,2017,386,1724,4.5,13,11,1,46,99,25.6,4
Raiders,558,347,62.2,6.7,3761,23,14,85.3,178,31.9,47,10,87,24,130,2017,370,1554,4.2,13,10,4,52,78,21.1,8
Seahawks,555,340,61.3,7.2,3979,34,12,94.4,183,33,58,12,74,43,322,2017,409,1629,4,4,11,0,33,85,20.8,7
Chiefs,543,363,66.8,8,4326,26,8,100.8,198,36.5,54,14,79,37,222,2017,405,1903,4.7,12,15,4,70,95,23.5,3
Redskins,540,347,64.3,7.6,4093,27,13,93.8,191,35.4,59,9,74,41,342,2017,401,1448,3.6,10,3,1,61,66,16.5,10
Saints,536,386,72,8.1,4334,23,8,103.9,201,37.5,72,11,54,20,145,2017,444,2070,4.7,23,17,5,74,111,25,5
Falcons,530,343,64.7,7.8,4146,21,12,92.4,200,37.7,55,9,88,24,156,2017,430,1847,4.3,12,11,2,52,101,23.5,9
Jaguars,527,316,60,7,3716,21,13,84.4,193,36.6,42,7,75,24,123,2017,527,2262,4.3,18,13,5,90,101,19.2,9
Vikings,527,357,67.7,7.5,3929,25,8,99.1,196,37.2,53,9,65,27,176,2017,501,1957,3.9,15,15,2,58,100,20,4
Texans,525,299,57,6.9,3644,28,17,82.8,180,34.3,53,6,72,54,366,2017,448,1842,4.1,8,6,2,49,86,19.2,4
Rams,518,320,61.8,7.8,4023,28,7,98.3,185,35.7,57,13,94,28,192,2017,454,1953,4.3,17,12,1,57,97,21.4,8
Bengals,510,304,59.6,6.6,3386,25,12,86,165,32.4,34,9,77,40,264,2017,377,1366,3.6,6,8,0,25,72,19.1,4
Jets,510,323,63.3,6.9,3501,19,12,86.1,157,30.8,46,8,69,47,319,2017,427,1702,4,13,14,5,75,77,18,6
Panthers,501,293,58.5,6.6,3319,22,16,79.8,167,33.3,46,5,64,35,242,2017,490,2102,4.3,15,10,5,69,121,24.7,10
Titans,496,306,61.7,6.8,3394,14,17,77.1,157,31.6,39,6,75,35,203,2017,443,1833,4.1,18,12,3,75,97,21.9,4
Cowboys,493,309,62.7,6.8,3326,22,13,86.3,162,32.9,34,8,81,32,185,2017,480,2170,4.5,18,12,2,70,127,26.5,1
Colts,487,285,58.5,6.6,3226,13,9,79.6,148,30.4,36,9,80,56,334,2017,451,1661,3.7,11,8,0,35,94,20.8,7
Bills,476,289,60.7,6.5,3086,16,10,82.1,149,31.3,40,4,47,47,261,2017,487,2017,4.1,12,17,1,48,105,21.6,8
Bears,473,291,61.5,6.5,3085,13,12,79.1,144,30.4,30,4,70,39,274,2017,422,1788,4.2,13,10,5,53,93,22,10
Steelers,689,459,66.6,7.5,5174,35,17,95.5,251,36.4,62,16,97,24,166,2018,345,1445,4.2,16,10,0,30,88,25.5,4
Colts,644,432,67.1,7.1,4595,39,15,98.2,237,36.8,53,7,68,18,134,2018,408,1718,4.2,13,9,2,53,96,23.5,5
Packers,640,392,61.2,7.2,4629,25,4,93.7,208,32.5,57,16,75,53,391,2018,333,1667,5,14,10,1,67,98,29.4,4
Buccaneers,625,408,65.3,8.6,5358,36,26,94.1,265,42.4,71,14,75,41,233,2018,389,1523,3.9,11,5,0,28,80,20.6,5
Falcons,617,428,69.4,8,4949,36,7,108,238,38.6,56,9,75,42,296,2018,351,1573,4.5,11,14,3,65,84,23.9,4
Vikings,606,425,70.1,7.1,4298,30,10,99.7,218,36,47,7,75,40,262,2018,357,1493,4.2,9,13,1,70,66,18.5,6
Eagles,599,422,70.4,7.6,4524,29,11,100.8,221,36.9,52,9,83,40,249,2018,398,1570,3.9,12,7,0,32,94,23.6,5
Broncos,588,367,62.4,6.7,3930,19,15,82.1,181,30.8,53,11,64,34,235,2018,393,1907,4.8,18,12,3,65,107,27.2,4
Chiefs,583,385,66,8.8,5126,50,12,113.8,239,41,76,15,89,26,171,2018,387,1855,4.8,16,19,1,45,108,27.9,4
Giants,583,382,65.5,7.6,4405,23,12,92.7,208,35.7,59,12,58,47,358,2018,354,1650,4.7,13,17,7,78,71,20.1,0
Browns,574,353,61.5,7.4,4261,29,17,88.8,189,32.9,60,11,71,38,254,2018,411,1893,4.6,15,18,5,92,93,22.6,6
Lions,574,375,65.3,6.7,3844,22,12,88.5,201,35,44,6,67,41,268,2018,404,1660,4.1,11,10,1,71,91,22.5,3
Patriots,574,378,65.8,7.7,4405,29,11,97.8,206,35.9,54,8,63,21,147,2018,478,2037,4.3,18,12,0,34,131,27.4,2
Rams,568,368,64.8,8.3,4730,32,12,100.8,236,41.6,69,9,70,33,223,2018,459,2231,4.9,23,14,2,56,134,29.2,2
Panthers,563,378,67.1,7.2,4071,28,16,92.9,212,37.7,52,5,82,32,235,2018,416,2136,5.1,17,15,3,59,117,28.1,7
Ravens,556,334,60.1,6.7,3708,18,9,84,184,33.1,43,6,74,32,150,2018,547,2441,4.5,19,14,1,43,153,28,16
Raiders,556,382,68.7,7.3,4057,19,10,93.6,197,35.4,52,7,66,52,306,2018,387,1628,4.2,9,8,2,52,86,22.2,8
Bengals,542,331,61.1,6.6,3569,27,13,87,182,33.6,53,1,49,37,279,2018,359,1682,4.7,13,16,3,51,92,25.6,2
Jaguars,536,329,61.4,6.4,3431,15,13,79.1,164,30.6,41,3,80,53,322,2018,416,1723,4.1,7,9,2,43,92,22.1,5
49ers,532,331,62.2,8,4247,26,20,87.8,201,37.8,61,12,85,48,380,2018,423,1902,4.5,7,15,3,66,98,23.2,13
Cowboys,527,356,67.6,7.4,3885,22,8,96.7,184,34.9,39,9,90,56,347,2018,439,1963,4.5,13,12,1,41,113,25.7,10
Jets,524,299,57.1,6.5,3404,18,19,73,157,30,44,5,76,37,239,2018,410,1622,4,11,11,3,77,84,20.5,9
Saints,519,381,73.4,8,4174,33,7,112.3,210,40.5,59,7,72,20,132,2018,471,2025,4.3,26,9,1,49,134,28.4,7
Bears,512,344,67.2,7.3,3747,28,14,95.4,177,34.6,46,11,70,33,183,2018,468,1938,4.1,16,17,1,42,108,23.1,9
Chargers,512,348,68,8.4,4316,32,12,104.9,213,41.6,60,10,75,34,227,2018,399,1873,4.7,16,16,1,41,100,25.1,2
Redskins,509,311,61.1,6.5,3287,16,15,78.1,156,30.6,40,6,79,44,266,2018,414,1774,4.3,12,7,3,90,96,23.2,6
Texans,506,345,68.2,8.2,4165,26,9,102.9,202,39.9,51,8,73,62,384,2018,472,2021,4.3,12,8,2,97,94,19.9,4
Bills,499,271,54.3,6.2,3082,13,23,62.6,137,27.4,43,8,75,41,288,2018,468,1984,4.2,15,15,1,45,108,23.1,7
Cardinals,495,283,57.2,5.8,2884,15,18,69,137,27.7,31,4,75,52,361,2018,355,1342,3.8,9,6,1,53,76,21.4,6
Dolphins,455,292,64.2,7.3,3309,26,13,93,153,33.6,34,9,75,52,409,2018,371,1738,4.7,7,12,3,75,75,20.2,7
Titans,437,293,67,7.4,3255,16,12,89.8,156,35.7,37,6,66,47,280,2018,454,2023,4.5,15,10,2,99,106,23.4,4
Seahawks,427,280,65.6,8.1,3448,35,7,110.9,156,36.5,47,13,66,51,355,2018,534,2560,4.8,15,17,2,61,133,24.9,6
Falcons,684,459,67.1,7.4,5049,29,15,93.8,258,37.7,52,5,93,50,335,2019,362,1361,3.8,10,6,0,28,84,23.2,4
Panthers,633,382,60.4,6.5,4134,17,21,74.7,230,36.3,40,7,52,58,484,2019,386,1819,4.7,20,7,5,84,82,21.2,7
Rams,632,397,62.8,7.4,4669,22,17,85.6,222,35.1,73,6,66,22,170,2019,401,1499,3.7,20,8,0,27,92,22.9,6
Buccaneers,630,382,60.6,8.1,5127,33,30,84.1,244,38.7,75,13,71,47,282,2019,409,1521,3.7,15,10,1,49,81,19.8,6
Patriots,620,378,61,6.7,4153,25,9,88.2,197,31.8,62,6,59,28,192,2019,447,1703,3.8,17,6,0,33,110,24.6,3
Bengals,616,356,57.8,6.5,3994,18,16,76.2,191,31,48,7,66,48,342,2019,385,1517,3.9,9,8,1,41,85,22.1,3
Dolphins,615,371,60.3,6.7,4117,22,18,80,210,34.2,49,7,51,58,313,2019,349,1156,3.3,10,3,0,28,64,18.3,7
Eagles,613,391,63.8,6.6,4063,27,8,92.1,215,35.1,52,6,53,37,230,2019,454,1939,4.3,16,7,2,65,104,22.9,9
Giants,607,376,61.9,6.7,4070,30,17,86.4,187,30.8,54,11,75,43,339,2019,362,1685,4.6,11,13,3,68,89,24.6,9
Cowboys,597,388,65,8.2,4902,30,11,99.5,229,38.4,68,16,62,23,151,2019,449,2153,4.8,18,11,2,44,120,26.7,7
Chargers,597,394,66,7.8,4648,24,20,89,220,36.8,57,12,84,34,222,2019,366,1453,4,12,9,1,40,90,24.6,7
Jaguars,589,364,61.8,6.8,4023,24,8,90,183,31.1,53,6,70,42,263,2019,389,1708,4.4,3,10,4,81,85,21.8,3
Saints,581,418,71.9,7.6,4431,36,6,110.2,230,39.6,54,9,61,25,187,2019,405,1738,4.3,12,11,1,40,97,24,3
Bears,580,371,64,6.2,3573,20,12,83.9,178,30.7,39,2,53,45,282,2019,395,1458,3.7,8,5,2,55,85,21.5,5
Chiefs,576,378,65.6,8.1,4690,30,5,104.4,211,36.6,59,18,83,25,192,2019,375,1569,4.2,16,10,3,91,93,24.8,5
Packers,573,356,62.1,7,4017,26,4,95.3,190,33.2,52,12,74,36,284,2019,411,1795,4.4,18,7,3,56,90,21.9,3
Lions,571,344,60.2,7.3,4187,28,15,88.2,196,34.3,60,13,75,43,287,2019,407,1649,4,7,7,2,44,82,20.2,5
Cardinals,554,355,64.1,6.8,3797,20,12,87,176,31.8,49,10,88,50,320,2019,396,1990,5,18,16,1,80,109,27.5,3
Browns,539,318,59,7.1,3847,22,21,78.4,180,33.4,58,9,89,41,293,2019,393,1901,4.8,15,11,4,88,90,22.9,5
Texans,534,355,66.5,7.6,4083,27,14,95.3,203,38,51,10,54,49,300,2019,434,2009,4.6,17,13,4,58,112,25.8,11
Raiders,523,367,70.2,7.9,4110,22,8,101,194,37.1,54,10,75,29,184,2019,437,1893,4.3,13,11,3,60,104,23.8,9
Jets,521,323,62,6.6,3443,19,16,80.6,162,31.1,44,6,92,52,332,2019,383,1257,3.3,6,2,0,24,61,15.9,5
Seahawks,517,341,66,8,4110,31,6,105.3,190,36.8,55,10,60,48,319,2019,481,2200,4.6,15,14,2,59,121,25.2,11
Bills,513,299,58.3,6.8,3476,21,12,82.8,162,31.6,54,8,53,40,247,2019,465,2054,4.4,13,13,1,41,120,25.8,13
Colts,513,307,59.8,6.5,3314,22,10,85,165,32.2,38,3,50,32,206,2019,471,2130,4.5,17,14,3,63,131,27.8,3
Steelers,510,315,61.8,6.3,3214,18,19,76,147,28.8,37,8,79,32,233,2019,395,1447,3.7,7,9,1,45,75,19,7
Broncos,504,312,61.9,6.8,3401,16,10,84.1,162,32.1,46,10,75,41,286,2019,409,1662,4.1,11,8,1,40,77,18.8,2
Redskins,479,298,62.2,6.7,3205,18,13,83,154,32.2,38,6,75,50,393,2019,356,1583,4.4,9,11,2,65,74,20.8,7
49ers,478,331,69.2,8.4,4029,28,13,103.1,195,40.8,62,8,75,36,237,2019,498,2305,4.6,23,16,4,83,110,22.1,8
Vikings,466,319,68.4,8,3729,26,8,103.9,171,36.7,53,11,66,28,206,2019,476,2133,4.5,19,15,4,75,106,22.3,10
Titans,448,297,66.3,8.8,3956,29,8,108.3,177,39.5,58,15,91,56,374,2019,445,2223,5,21,14,5,74,104,23.4,8
Ravens,440,289,65.7,7.6,3350,37,8,109,171,38.9,44,8,83,28,125,2019,596,3296,5.5,21,23,5,63,188,31.5,12
Steelers,656,428,65.2,6.3,4129,35,11,93.5,206,31.4,48,7,84,14,126,2020,373,1351,3.6,12,10,2,59,81,21.7,7
Cowboys,639,413,64.6,7.1,4511,25,13,89.9,231,36.2,50,11,69,44,350,2020,430,1788,4.2,14,7,2,42,115,26.7,7
Chiefs,630,420,66.7,7.9,5005,40,7,107.3,255,40.5,69,8,75,24,151,2020,403,1799,4.5,13,10,0,32,110,27.3,5
Falcons,628,408,65,7.4,4620,27,11,93.9,243,38.7,59,8,63,41,257,2020,409,1532,3.8,13,6,1,62,86,21,5
Chargers,627,413,65.9,7.2,4548,31,10,97,226,36,54,10,72,34,219,2020,466,1784,3.8,12,10,0,36,111,23.8,8
Buccaneers,626,410,65.5,7.6,4776,42,12,102.8,238,38,67,12,50,22,150,2020,369,1519,4.1,16,9,2,98,82,22.2,3
Jaguars,616,387,62.8,6.4,3955,25,16,83.9,205,33.3,45,5,73,44,256,2020,337,1519,4.5,9,6,1,47,80,23.7,3
Bears,614,402,65.5,6.4,3925,26,16,86.5,218,35.5,42,3,53,36,270,2020,393,1647,4.2,12,8,3,80,93,23.7,1
Football Team,601,389,64.7,6.3,3796,16,16,80.1,184,30.6,40,6,68,50,331,2020,400,1611,4,18,7,1,40,108,27,3
Eagles,598,334,55.8,6.2,3728,22,20,72.9,177,29.6,43,9,81,65,401,2020,403,2027,5,16,12,5,82,114,28.3,15
Bills,596,410,68.8,8,4786,40,11,107.6,240,40.3,66,10,56,27,166,2020,411,1723,4.2,16,10,1,51,119,29,6
Rams,590,392,66.4,7.1,4183,20,14,88.4,206,34.9,50,6,56,25,169,2020,473,2018,4.3,19,9,4,61,123,26,4
Lions,582,374,64.3,7.6,4397,27,13,93.3,220,37.8,58,8,73,42,293,2020,367,1499,4.1,17,5,1,54,93,25.3,5
Bengals,581,372,64,6.5,3793,19,11,85.6,201,34.6,35,5,72,48,345,2020,411,1668,4.1,13,9,2,55,92,22.4,8
Cardinals,575,387,67.3,7.1,4102,27,13,94.1,211,36.7,45,14,80,29,186,2020,479,2237,4.7,22,17,2,69,136,28.4,9
49ers,570,371,65.1,7.6,4320,25,17,90.1,217,38.1,55,10,76,39,287,2020,437,1889,4.3,19,8,2,80,101,23.1,6
Seahawks,563,388,68.9,7.5,4245,40,13,105,216,38.4,45,11,62,48,304,2020,411,1971,4.8,15,11,1,50,111,27,6
Dolphins,559,370,66.2,7,3937,24,13,91.2,207,37,40,4,70,34,201,2020,428,1688,3.9,15,7,0,31,100,23.4,5
Broncos,556,317,57,6.6,3673,21,23,72.5,176,31.6,49,11,92,32,222,2020,442,1918,4.3,13,13,3,65,94,21.3,7
Colts,552,371,67.2,7.6,4186,24,11,95.9,201,36.4,56,8,55,21,133,2020,459,1996,4.4,20,12,3,62,129,28.1,1
Raiders,551,369,67,8,4383,28,10,100.4,206,37.4,59,12,85,28,166,2020,457,1916,4.2,20,9,1,43,121,26.5,9
Panthers,550,373,67.8,7.5,4129,16,16,87.4,192,34.9,55,9,75,36,241,2020,407,1704,4.2,19,6,1,45,110,27,7
Texans,546,383,70.2,8.9,4843,33,7,112.3,222,40.7,70,11,77,50,305,2020,344,1466,4.3,10,5,1,48,83,24.1,7
Packers,526,372,70.7,8.2,4299,48,5,121.5,216,41.1,57,14,78,21,193,2020,443,2118,4.8,16,10,4,77,114,25.7,4
Saints,522,370,70.9,7.6,3945,28,8,104.1,199,38.1,44,9,52,29,187,2020,494,2265,4.6,30,14,3,49,147,29.8,9
Giants,517,321,62.1,6.4,3336,12,11,79.6,178,34.4,36,5,53,50,310,2020,399,1768,4.4,13,9,3,80,91,22.8,5
Vikings,516,349,67.6,8.3,4265,35,13,105,212,41.1,58,7,71,39,256,2020,468,2283,4.9,20,10,1,70,139,29.7,5
Browns,501,315,62.9,7.4,3701,27,8,96.6,195,38.9,45,5,75,26,162,2020,495,2374,4.8,21,21,4,59,133,26.9,7
Jets,499,292,58.5,6.2,3115,16,14,75.9,146,29.3,39,6,69,43,319,2020,406,1683,4.2,9,4,1,46,94,23.2,2
Titans,485,316,65.2,7.9,3826,33,7,105.9,203,41.9,44,13,75,25,173,2020,521,2690,5.2,26,20,5,94,142,27.3,5
Patriots,440,283,64.3,7.1,3124,12,14,81.1,157,35.7,38,3,50,37,234,2020,502,2346,4.7,20,13,3,49,143,28.5,8
Ravens,406,257,63.3,7.2,2919,27,11,95.7,142,35,38,5,70,32,180,2020,555,3071,5.5,24,31,5,72,166,29.9,11
Buccaneers,731,492,67.3,7.4,5383,43,12,101.6,273,37.4,76,10,62,23,154,2021,385,1672,4.3,18,9,2,55,106,27.5,3
Chiefs,675,448,66.4,7.3,4937,37,13,98.1,267,39.6,58,11,75,28,146,2021,431,1955,4.5,16,9,1,51,119,27.6,8
Chargers,674,443,65.7,7.4,5014,38,15,97.4,256,38,53,15,72,31,214,2021,423,1834,4.3,18,7,1,75,112,26.5,3
Steelers,664,425,64,6,4017,23,11,85.3,204,30.7,41,9,59,38,239,2021,411,1583,3.8,10,9,0,37,85,20.7,0
Bills,655,415,63.4,6.8,4450,36,16,91.3,236,36,51,8,61,27,166,2021,461,2209,4.8,20,18,2,46,134,29.1,8
Cowboys,647,444,68.6,7.7,4963,40,11,104.8,248,38.3,63,9,73,33,163,2021,473,2119,4.5,15,11,2,58,111,23.5,8
Raiders,628,429,68.3,7.7,4808,23,14,93.8,217,34.6,67,10,61,40,241,2021,414,1617,3.9,14,7,0,31,95,23,9
Dolphins,615,404,65.7,6.4,3936,21,14,85.4,206,33.5,45,8,65,40,285,2021,442,1568,3.6,12,5,0,30,87,19.7,5
Ravens,611,396,64.8,7,4267,21,18,84.4,209,34.2,54,6,49,57,306,2021,517,2479,4.8,18,15,1,46,159,30.8,7
Rams,607,406,66.9,8.1,4893,41,18,101.6,233,38.4,65,18,79,31,251,2021,420,1683,4,10,3,0,39,99,23.6,3
Jaguars,604,361,59.8,6.1,3674,12,17,72.1,178,29.5,44,5,58,32,238,2021,392,1755,4.5,13,7,2,66,92,23.5,6
Vikings,604,398,65.9,7.4,4450,34,7,101.6,202,33.4,63,10,64,30,212,2021,449,1930,4.3,10,13,2,66,103,22.9,6
Jets,603,357,59.2,6.6,3959,20,20,76,195,32.3,52,6,62,53,418,2021,380,1667,4.4,14,9,2,55,87,22.9,1
Panthers,599,348,58.1,6,3573,14,21,68.5,174,29,36,5,64,52,334,2021,455,1842,4,17,8,0,33,118,25.9,10
Lions,593,396,66.8,6.6,3884,23,14,88.1,193,32.6,49,5,75,36,286,2021,427,1886,4.4,12,12,2,57,104,24.4,6
Packers,593,402,67.8,7.6,4526,39,7,107.4,235,39.6,61,11,75,33,211,2021,446,1900,4.3,13,7,1,57,109,24.4,5
Giants,593,351,59.2,5.8,3463,15,20,70.1,171,28.8,31,6,60,38,267,2021,419,1688,4,8,9,2,46,90,21.5,4
Cardinals,591,415,70.2,7.8,4619,27,11,100.6,214,36.2,62,11,77,39,343,2021,496,2076,4.2,23,10,3,57,127,25.6,16
Falcons,573,377,65.8,7,3987,20,15,86.6,196,34.2,44,7,64,40,274,2021,393,1451,3.7,11,2,0,39,75,19.1,9
Bengals,555,384,69.2,8.7,4806,36,14,106.9,208,37.5,63,16,82,55,403,2021,436,1742,4,16,8,1,46,96,22,2
Football Team,550,356,64.7,6.8,3746,21,15,85.8,181,32.9,42,7,73,43,305,2021,477,2061,4.3,13,8,0,38,129,27,10
Texans,546,354,64.8,6.6,3630,21,15,85.2,162,29.7,44,8,67,44,325,2021,420,1422,3.4,8,6,0,36,77,18.3,5
Bears,542,332,61.2,6.7,3635,16,20,75.5,180,33.2,40,7,64,58,428,2021,475,2018,4.2,14,13,1,41,119,25,5
Broncos,541,354,65.4,7.1,3856,20,9,91.7,179,33.1,46,7,64,40,263,2021,455,2025,4.4,16,10,3,70,124,27.2,7
Titans,535,359,67.1,7,3745,22,14,90,194,36.3,35,7,57,47,327,2021,551,2404,4.4,23,11,3,76,134,24.3,9
Patriots,535,364,68,7.7,4098,24,13,95.5,187,35,60,8,75,28,241,2021,489,2151,4.4,24,11,1,64,139,28.4,7
Colts,521,324,62.2,6.9,3588,27,8,93.5,167,32,42,9,76,32,227,2021,499,2540,5.1,22,19,5,83,154,30.9,7
Browns,520,320,61.5,7,3619,21,14,84.6,177,34,47,9,71,49,299,2021,485,2471,5.1,20,18,2,70,138,28.4,5
49ers,514,343,66.7,8.6,4437,26,14,99.2,200,38.9,63,11,83,33,216,2021,499,2166,4.3,22,12,1,49,130,26,5
Saints,504,293,58.1,6.8,3437,29,13,87.4,165,32.7,41,8,72,37,251,2021,510,1991,3.9,12,9,1,44,113,22.2,2
Seahawks,495,324,65.4,7.7,3815,30,7,103,166,33.5,56,12,84,46,383,2021,413,2074,5,18,18,3,73,106,25.7,4
Eagles,494,307,62.2,7.3,3585,20,10,89.2,167,33.8,51,5,91,31,181,2021,550,2715,4.9,25,17,0,38,163,29.6,6
Buccaneers,751,499,66.4,6.3,4746,26,10,89.8,240,32,50,8,63,22,160,2022,386,1308,3.4,5,3,0,35,79,20.5,5
Chargers,711,485,68.2,6.7,4791,26,10,93.3,232,32.6,50,7,55,39,207,2022,404,1524,3.8,15,6,2,72,93,23,6
Vikings,672,448,66.7,7.2,4818,30,15,93.1,244,36.3,50,10,66,47,334,2022,404,1661,4.1,18,5,3,81,93,23,5
Cardinals,664,433,65.2,6,3966,17,17,79.2,189,28.5,40,3,77,46,340,2022,434,1873,4.3,15,9,2,45,115,26.5,11
Chiefs,651,435,66.8,8.1,5250,41,12,104.7,272,41.8,73,13,67,26,188,2022,417,1970,4.7,18,10,1,52,105,25.2,8
Jets,627,357,56.9,6.4,4040,15,14,75,191,30.5,47,10,79,42,317,2022,405,1686,4.2,13,11,2,62,79,19.5,4
Bengals,610,418,68.5,7.4,4520,35,12,101,221,36.2,54,10,60,44,280,2022,399,1528,3.8,14,7,1,40,96,24.1,0
Colts,604,398,65.9,6.4,3854,17,20,79.2,193,32,41,4,49,60,422,2022,439,1866,4.2,8,9,1,66,91,20.7,8
Jaguars,596,394,66.1,7,4148,25,9,93.9,208,34.9,55,3,59,28,189,2022,448,2116,4.7,16,15,6,62,114,25.4,9
Lions,588,383,65.1,7.6,4444,29,7,99.3,228,38.8,57,12,81,24,163,2022,480,2179,4.5,23,12,7,58,114,23.8,5
Raiders,586,359,61.3,7.1,4182,28,17,86.7,193,32.9,58,10,60,35,248,2022,428,2059,4.8,12,9,2,86,122,28.5,5
Dolphins,584,368,63,8.2,4765,30,15,95,220,37.7,62,14,84,35,254,2022,390,1686,4.3,12,10,1,67,93,23.8,5
Texans,579,352,60.8,6.3,3642,20,19,76.8,159,27.5,55,7,58,38,298,2022,398,1476,3.7,7,7,2,75,90,22.6,10
Bills,574,361,62.9,7.5,4291,35,14,95.8,212,36.9,51,12,98,33,162,2022,430,2232,5.2,15,20,2,44,128,29.8,12
Seahawks,573,399,69.6,7.5,4282,30,12,100,206,36,50,6,54,46,348,2022,425,2042,4.8,12,18,4,74,106,24.9,5
Broncos,571,345,60.4,7,4007,18,15,81.2,166,29.1,55,12,67,63,415,2022,444,1935,4.4,11,7,1,52,105,23.6,10
Steelers,571,364,63.8,6.4,3661,12,14,78.7,189,33.1,44,3,57,38,250,2022,500,2073,4.2,16,8,0,36,129,25.8,6
Packers,563,364,64.6,6.9,3890,27,12,91.9,186,33,55,7,63,32,258,2022,456,2113,4.6,12,10,1,46,116,25.4,5
Cowboys,556,355,63.8,7,3911,28,18,87.9,194,34.9,50,5,68,27,175,2022,531,2298,4.3,24,17,3,57,129,24.3,2
Commanders,554,344,62.1,6.8,3783,24,16,84.7,184,33.2,46,10,75,48,311,2022,538,2143,4,9,8,0,33,124,23,8
Browns,540,335,62,6.9,3710,19,12,84.9,182,33.7,44,5,55,44,266,2022,532,2490,4.7,19,21,1,41,142,26.7,4
Patriots,540,358,66.3,7.1,3815,19,14,87.7,166,30.7,57,9,53,41,279,2022,425,1812,4.3,12,11,2,49,98,23.1,8
Eagles,536,350,65.3,8.1,4364,25,9,99,195,36.4,63,13,78,44,259,2022,544,2509,4.6,32,17,2,42,161,29.6,7
Rams,531,347,65.4,6.6,3506,16,15,82.3,181,34.1,38,4,75,59,398,2022,411,1661,4,15,8,1,42,89,21.6,5
Giants,520,346,66.5,6.6,3431,17,6,91.1,170,32.7,28,5,65,49,274,2022,520,2519,4.8,21,15,2,68,150,28.8,5
Saints,512,338,66,7.8,3969,24,14,93.6,181,35.4,45,13,68,38,277,2022,465,1982,4.3,12,7,3,60,103,22.2,8
49ers,512,338,66,7.9,4049,30,9,102.2,188,36.7,56,6,57,31,193,2022,504,2360,4.7,20,19,4,71,132,26.2,7
Ravens,488,300,61.5,6.6,3202,19,13,82.5,149,30.5,33,6,75,38,162,2022,526,2720,5.2,14,18,3,79,167,31.8,9
Panthers,457,267,58.4,7.1,3246,16,13,80.2,138,30.2,49,12,75,36,250,2022,483,2210,4.6,16,15,3,60,119,24.6,10
Titans,456,285,62.5,7.1,3227,16,11,85.3,153,33.6,41,11,69,49,313,2022,487,2131,4.4,16,13,4,56,104,21.4,7
Falcons,415,257,61.9,7,2927,17,9,87.7,148,35.7,37,5,75,37,228,2022,559,2718,4.9,17,17,4,44,152,27.2,8
Bears,377,223,59.2,6.9,2598,19,15,80.3,109,28.9,38,7,56,58,379,2022,558,3014,5.4,18,20,8,67,148,26.5,10
Commanders,636,407,64,6.6,4174,24,21,81.6,190,29.9,48,5,51,65,449,2023,359,1592,4.4,14,8,0,29,99,27.6,6
Chiefs,635,421,66.3,6.9,4383,28,17,89.6,216,34,52,8,67,28,195,2023,417,1784,4.3,9,10,1,48,107,25.7,2
Chargers,632,409,64.7,6.8,4312,24,8,91.8,204,32.3,55,7,79,43,355,2023,431,1642,3.8,11,9,3,55,89,20.6,6
Vikings,631,424,67.2,7.4,4700,30,19,92.4,220,34.9,74,7,62,47,341,2023,393,1553,4,7,5,0,31,79,20.1,9
Browns,624,355,56.9,6.4,4011,24,23,73.7,173,27.7,53,15,75,45,318,2023,518,2017,3.9,15,9,3,69,121,23.4,9
Jaguars,620,412,66.4,7.1,4377,22,14,89.3,199,32.1,51,10,65,41,251,2023,453,1646,3.6,17,9,1,62,98,21.6,5
Bengals,615,420,68.3,6.9,4257,27,14,93,208,33.8,46,10,80,50,362,2023,383,1527,4,12,7,1,44,90,23.5,1
Cowboys,614,428,69.7,7.6,4660,36,10,104.6,229,37.3,64,7,92,40,263,2023,468,1920,4.1,14,12,1,46,113,24.2,4
Lions,606,408,67.3,7.6,4606,30,12,98.1,228,37.6,70,9,70,31,205,2023,500,2311,4.6,27,15,3,75,124,24.8,7
Saints,606,406,67,7,4225,28,11,94.8,199,32.8,52,11,58,35,235,2023,480,1742,3.6,13,4,0,29,112,23.3,6
Jets,601,356,59.2,5.6,3373,11,15,70.5,156,26,37,3,68,64,454,2023,388,1647,4.2,7,9,4,83,77,19.8,11
Texans,592,372,62.8,7.7,4578,27,8,96.2,215,36.3,69,10,75,47,405,2023,444,1647,3.7,10,4,0,24,84,18.9,5
Panthers,586,350,59.7,5.5,3245,13,10,75.2,150,25.6,31,5,48,65,504,2023,445,1769,4,7,9,1,48,111,24.9,5
Rams,583,361,61.9,7.4,4300,26,13,90,206,35.3,64,8,80,34,237,2023,477,2045,4.3,18,11,1,56,110,23.1,2
Packers,581,374,64.4,7.2,4210,32,11,96.4,211,36.3,56,7,77,30,242,2023,441,1905,4.3,10,13,1,40,101,22.9,6
Bills,579,385,66.5,7.4,4306,29,18,92.2,199,34.4,49,9,81,24,152,2023,512,2212,4.3,22,9,1,42,158,30.9,9
Seahawks,575,371,64.5,7.2,4167,23,12,90.7,189,32.9,56,6,73,38,257,2023,382,1580,4.1,11,13,1,45,93,24.4,2
Colts,574,355,61.8,6.8,3882,18,10,85,178,31,45,11,75,41,216,2023,479,2059,4.3,19,14,4,56,113,23.6,4
Buccaneers,568,364,64.1,7.1,4044,28,10,94.2,188,33.1,60,12,75,40,232,2023,439,1509,3.4,8,5,0,38,79,18,4
Dolphins,566,393,69.4,8.3,4698,30,15,101.2,223,39.4,59,12,78,31,184,2023,456,2308,5.1,27,17,8,76,113,24.8,13
Eagles,563,369,65.5,7.2,4067,24,16,89.2,197,35,50,7,63,39,233,2023,510,2190,4.3,22,11,1,43,149,29.2,9
Raiders,557,348,62.5,6.6,3666,20,18,80.1,182,32.7,35,5,50,40,286,2023,413,1542,3.7,11,7,3,63,83,20.1,5
Patriots,557,351,63,6.1,3392,16,21,73.8,153,27.5,34,4,58,48,323,2023,415,1627,3.9,9,3,1,64,93,22.4,3
Cardinals,555,355,64,6.2,3430,18,12,82.9,173,31.2,38,3,69,42,286,2023,471,2365,5,17,23,5,49,127,27,9
Falcons,530,327,61.7,7.1,3775,17,17,80.5,181,34.2,46,10,75,40,251,2023,522,2159,4.1,14,11,0,38,121,23.2,13
Giants,518,338,65.2,6.5,3351,15,12,83.4,141,27.2,44,7,80,85,465,2023,454,1874,4.1,10,12,0,36,97,21.4,8
Bears,513,321,62.6,6.7,3421,19,15,82.2,169,32.9,48,5,58,50,325,2023,534,2399,4.5,16,13,0,39,137,25.7,5
Broncos,513,337,65.7,7,3566,28,9,96.7,154,30,44,13,60,52,304,2023,451,1810,4,8,9,0,38,116,25.7,5
Steelers,506,323,63.8,6.8,3421,13,9,84.6,153,30.2,41,9,86,36,258,2023,487,2010,4.1,16,14,1,74,115,23.6,9
Ravens,494,328,66.4,7.9,3881,27,7,102.5,180,36.4,52,9,80,41,246,2023,541,2661,4.9,26,21,4,60,144,26.6,7
Titans,494,304,61.5,7.1,3512,14,11,83.2,158,32,54,10,70,64,445,2023,444,1846,4.2,16,10,2,69,103,23.2,6
49ers,491,336,68.4,9.3,4577,33,12,110.2,207,42.2,75,15,76,34,193,2023,499,2389,4.8,27,11,3,72,147,29.5,5
