Team,Att_Pass,Cmp,Cmp %,Yds/Att,Yds,TD_Pass,INT_Pass,1st,1st%,Sck,Year,Att_Rush,Rush Yds,YPC,TD_Rush,Rush 1st_Pass,Rush 1st%_Pass,3rd Att,3rd Md,4th Att,4th Md,Rush 1st_Rush,Rush 1st%_Rush,Scrm Plys,FF,FR,FR TD,INT_y,INT TD,INT Yds,Lng
Giants,519,309,59.5,6.6,3412,25,10,178,34.3,45,2003,496,1908,3.8,12,102,20.6,225,85,11,5,102,20.6,1060,21,0,0,10,2,199,56
Rams,510,296,58,6,3072,23,24,164,32.2,42,2003,412,1980,4.8,9,92,22.3,209,75,21,9,92,22.3,964,25,0,0,24,3,505,74
Buccaneers,475,274,57.7,5.7,2710,16,20,140,29.5,36,2003,451,1756,3.9,6,89,19.7,214,68,18,7,89,19.7,962,23,0,0,20,3,229,44
Lions,522,331,63.4,6.8,3578,26,15,166,31.8,28,2003,447,1782,4,14,105,23.5,214,87,13,8,105,23.5,997,17,0,0,15,1,130,48
Colts,445,277,62.2,6.3,2809,18,15,138,31,31,2003,437,1980,4.5,19,117,26.8,188,72,11,6,117,26.8,913,24,0,0,15,2,244,75
Patriots,618,328,53.1,5.2,3232,11,29,177,28.6,41,2003,401,1434,3.6,10,91,22.7,235,81,16,6,91,22.7,1060,19,0,0,29,5,358,65
Chiefs,565,332,58.8,6,3363,19,25,184,32.6,36,2003,453,2344,5.2,18,120,26.5,213,78,23,10,120,26.5,1054,15,0,0,25,3,310,79
Saints,485,264,54.4,6.2,2993,20,14,165,34,32,2003,480,2241,4.7,12,109,22.7,208,79,16,9,109,22.7,997,20,0,0,14,2,226,73
Cardinals,497,311,62.6,7.2,3589,29,13,184,37,21,2003,475,1915,4,17,120,25.3,199,92,8,3,120,25.3,993,14,0,0,13,1,271,70
Steelers,484,294,60.7,6.3,3042,20,14,155,32,35,2003,449,1741,3.9,14,89,19.8,209,71,16,7,89,19.8,968,11,0,0,14,2,215,42
Redskins,483,285,59,6.6,3195,23,17,176,36.4,27,2003,504,2217,4.4,20,122,24.2,209,84,11,8,122,24.2,1014,16,0,0,17,0,184,44
Chargers,524,322,61.4,6.4,3375,36,13,178,34,30,2003,518,2218,4.3,12,124,23.9,231,97,18,10,124,23.9,1072,14,0,0,13,1,157,41
Raiders,467,286,61.2,7.3,3394,21,14,159,34,25,2003,544,2510,4.6,21,127,23.4,215,80,14,8,127,23.4,1036,12,0,0,14,2,280,83
Seahawks,573,343,59.9,6.1,3480,24,16,183,31.9,40,2003,456,1759,3.9,9,93,20.4,235,99,18,7,93,20.4,1069,12,0,0,16,0,157,33
Bengals,508,297,58.5,6.7,3402,23,14,177,34.8,30,2003,461,2218,4.8,18,119,25.8,206,85,14,9,119,25.8,999,16,0,0,14,0,123,31
Vikings,531,311,58.6,6.6,3477,17,28,186,35,37,2003,387,1879,4.9,22,94,24.3,182,70,14,6,94,24.3,955,19,0,0,28,4,693,80
Bears,525,326,62.1,5.9,3082,20,15,156,29.7,18,2003,449,1865,4.2,13,104,23.2,213,84,15,6,104,23.2,992,13,0,0,15,1,191,45
Jaguars,510,303,59.4,6.4,3251,23,15,172,33.7,24,2003,442,1406,3.2,12,84,19,218,92,14,7,84,19,976,16,0,0,15,0,78,21
49ers,514,310,60.3,6.3,3238,25,23,165,32.1,42,2003,420,1690,4,13,99,23.6,209,85,12,7,99,23.6,976,15,0,0,23,1,389,68
Cowboys,492,239,48.6,5.4,2631,18,13,127,25.8,32,2003,413,1425,3.4,7,68,16.5,227,69,15,7,68,16.5,937,19,0,0,13,2,183,41
Browns,502,297,59.2,5.7,2846,13,15,160,31.9,35,2003,457,2113,4.6,14,100,21.9,222,87,13,8,100,21.9,994,15,0,0,15,1,168,75
Bills,508,285,56.1,5.3,2707,18,10,153,30.1,38,2003,464,1606,3.5,11,92,19.8,225,86,13,7,92,19.8,1010,15,0,0,10,2,114,54
Titans,546,332,60.8,6.6,3606,20,21,167,30.6,38,2003,342,1295,3.8,10,79,23.1,184,51,18,11,79,23.1,926,14,0,0,21,3,312,60
Jets,455,281,61.8,6.6,3025,14,11,168,36.9,35,2003,542,2294,4.2,17,134,24.7,207,84,22,10,134,24.7,1032,11,0,0,11,0,155,39
Eagles,559,337,60.3,5.8,3236,17,13,171,30.6,38,2003,461,2071,4.5,13,116,25.2,221,78,22,8,116,25.2,1058,17,0,0,13,1,158,34
Broncos,495,265,53.5,5.7,2828,17,9,141,28.5,36,2003,379,1605,4.2,11,77,20.3,207,61,25,12,77,20.3,910,18,0,0,9,1,39,16
Packers,589,326,55.4,5.8,3400,18,21,172,29.2,34,2003,413,1701,4.1,10,91,22,228,85,17,4,91,22,1036,18,0,0,21,2,315,90
Falcons,508,323,63.6,7.5,3800,28,15,187,36.8,36,2003,499,2308,4.6,21,122,24.4,216,86,14,5,122,24.4,1043,23,0,0,15,3,197,41
Panthers,522,299,57.3,5.8,3003,19,16,161,30.8,40,2003,434,1722,4,10,83,19.1,225,78,16,5,83,19.1,996,14,0,0,16,3,238,53
Dolphins,529,319,60.3,6.3,3335,12,22,171,32.3,44,2003,441,1452,3.3,11,82,18.6,222,81,12,2,82,18.6,1014,18,0,0,22,2,338,74
Texans,502,297,59.2,7.4,3712,22,14,179,35.7,19,2003,533,2370,4.4,15,130,24.4,222,89,14,10,130,24.4,1054,11,0,0,14,1,205,95
Ravens,531,296,55.7,5.3,2805,19,24,144,27.1,47,2003,448,1536,3.4,6,78,17.4,235,69,17,5,78,17.4,1026,23,0,0,24,4,511,83
Packers,518,314,60.6,7.1,3663,33,8,181,34.9,40,2004,409,1878,4.6,12,92,22.5,197,69,9,5,92,22.5,967,13,0,0,8,2,165,43
Titans,524,333,63.6,7.3,3807,29,18,189,36.1,32,2004,421,1917,4.6,18,99,23.5,186,62,12,9,99,23.5,977,11,0,0,18,1,285,44
Dolphins,434,244,56.2,6,2592,20,15,139,32,36,2004,539,2302,4.3,12,107,19.8,223,72,11,8,107,19.8,1009,18,0,0,15,0,92,47
Raiders,510,315,61.8,7.7,3924,30,9,210,41.2,25,2004,537,2012,3.8,21,115,21.4,213,101,15,7,115,21.4,1072,9,0,0,9,1,221,45
Rams,492,292,59.4,6.4,3174,24,6,172,35,34,2004,480,2179,4.5,13,118,24.6,209,76,17,12,118,24.6,1006,13,0,0,6,0,45,30
Chiefs,522,312,59.8,8,4203,32,13,190,36.4,41,2004,397,1834,4.6,18,97,24.4,185,71,16,5,97,24.4,960,13,0,0,13,1,173,65
49ers,490,308,62.9,7.1,3486,27,9,179,36.5,29,2004,495,1995,4,22,121,24.4,206,83,9,6,121,24.4,1014,18,0,0,9,0,129,31
Vikings,544,338,62.1,7.2,3896,30,11,220,40.4,39,2004,435,2006,4.6,15,110,25.3,196,90,16,10,110,25.3,1018,17,0,0,11,1,207,56
Eagles,550,334,60.7,5.8,3212,16,17,165,30,47,2004,442,1903,4.3,13,101,22.8,229,82,19,9,101,22.8,1039,19,0,0,17,2,287,101
Saints,545,324,59.4,7.1,3888,24,13,193,35.4,37,2004,485,2253,4.6,16,118,24.3,210,80,7,6,118,24.3,1067,25,0,0,13,0,101,55
Panthers,513,303,59.1,6.8,3478,18,26,177,34.5,34,2004,474,1904,4,19,98,20.7,215,99,12,6,98,20.7,1021,19,0,0,26,2,420,97
Bengals,520,313,60.2,6.4,3303,23,20,158,30.4,37,2004,474,2062,4.4,11,123,26,218,80,15,5,123,26,1031,24,0,0,20,4,272,51
Cardinals,505,271,53.7,6,3036,18,15,153,30.3,38,2004,450,2105,4.7,12,101,22.4,209,66,14,8,101,22.4,993,20,0,0,15,1,214,65
Seahawks,559,340,60.8,6.4,3590,24,23,191,34.2,36,2004,452,2031,4.5,17,102,22.6,229,97,9,6,102,22.6,1047,19,0,0,23,3,337,63
Colts,557,364,65.4,7,3892,26,19,209,37.5,45,2004,440,2037,4.6,12,103,23.4,217,91,28,9,103,23.4,1042,27,0,0,19,2,252,77
Broncos,484,272,56.2,6.1,2947,17,12,130,26.9,38,2004,396,1512,3.8,16,83,21,209,65,14,5,83,21,918,17,0,0,12,2,175,76
Cowboys,502,310,61.8,7,3521,31,13,180,35.9,33,2004,425,1764,4.2,14,88,20.7,192,75,7,2,88,20.7,960,15,0,0,13,0,109,33
Redskins,515,294,57.1,5.8,2977,17,18,153,29.7,40,2004,419,1304,3.1,7,67,16,226,70,17,7,67,16,974,13,0,0,18,1,405,78
Jaguars,497,306,61.6,6.8,3357,18,16,181,36.4,37,2004,438,1777,4.1,7,83,19,205,84,10,5,83,19,972,14,0,0,16,0,126,37
Buccaneers,436,247,56.6,5.9,2579,21,16,131,30,45,2004,480,1973,4.1,8,101,21,218,77,8,3,101,21,961,16,0,0,16,1,239,75
Lions,535,328,61.3,6.6,3514,29,14,167,31.2,38,2004,498,1887,3.8,10,118,23.7,231,98,19,7,118,23.7,1071,17,0,0,14,1,216,55
Patriots,538,315,58.6,6.3,3400,18,20,177,32.9,45,2004,405,1572,3.9,9,83,20.5,209,81,30,13,83,20.5,988,23,0,0,20,1,290,36
Giants,467,292,62.5,6.5,3030,28,14,170,36.4,40,2004,498,2157,4.3,13,112,22.5,208,87,14,6,112,22.5,1005,18,0,0,14,0,113,39
Bears,515,287,55.7,6.5,3340,23,17,165,32,35,2004,496,2050,4.1,9,109,22,220,67,15,4,109,22,1046,20,0,0,17,5,546,71
Texans,530,344,64.9,6.8,3615,32,22,194,36.6,24,2004,417,1843,4.4,4,89,21.3,205,89,6,1,89,21.3,971,11,0,0,22,2,393,102
Ravens,501,276,55.1,6.2,3122,14,21,158,31.5,39,2004,469,1681,3.6,9,88,18.8,218,75,8,2,88,18.8,1009,17,0,0,21,5,700,106
Bills,486,261,53.7,5.4,2624,20,24,150,30.9,45,2004,447,1604,3.6,6,79,17.7,214,77,15,11,79,17.7,978,21,0,0,24,4,333,62
Chargers,607,372,61.3,6.7,4053,19,23,200,33,29,2004,355,1307,3.7,15,79,22.2,196,69,24,13,79,22.2,991,12,0,0,23,1,180,40
Browns,460,277,60.2,6.3,2901,17,15,144,31.3,32,2004,532,2314,4.4,22,141,26.5,216,78,16,7,141,26.5,1024,12,0,0,15,1,250,51
Jets,497,289,58.2,6.7,3312,21,19,169,34,37,2004,432,1566,3.6,8,87,20.1,208,79,13,5,87,20.1,966,18,0,0,19,2,243,66
Falcons,517,328,63.4,6.8,3526,19,19,183,35.4,48,2004,434,1681,3.9,20,107,24.6,200,72,16,10,107,24.6,999,19,0,0,19,4,442,85
Steelers,484,269,55.6,5.9,2835,14,19,146,30.2,41,2004,357,1299,3.6,8,79,22.1,193,63,13,7,79,22.1,882,20,0,0,19,3,293,41
Cardinals,488,301,61.7,6.4,3097,17,15,158,32.4,37,2005,411,1632,4,22,83,20.2,196,67,11,4,83,20.2,936,18,0,0,15,3,285,60
Packers,430,252,58.6,6.2,2680,22,10,143,33.3,35,2005,504,2010,4,10,107,21.2,206,74,8,3,107,21.2,969,14,0,0,10,2,205,95
Eagles,503,297,59,6.6,3323,24,17,171,34,29,2005,506,1883,3.7,15,91,18,233,80,11,7,91,18,1038,22,0,0,17,1,195,40
Rams,507,314,61.9,6.8,3424,26,13,178,35.1,41,2005,459,2178,4.8,22,116,25.3,199,80,9,2,116,25.3,1007,18,0,0,13,2,364,85
Titans,470,296,63,6.8,3216,33,9,180,38.3,41,2005,449,1894,4.2,12,89,19.8,200,71,11,7,89,19.8,960,13,0,0,9,2,129,52
Raiders,486,296,60.9,6.7,3243,18,5,165,34,36,2005,507,2049,4,18,100,19.7,226,92,9,3,100,19.7,1029,15,0,0,5,0,38,33
Patriots,527,296,56.2,7,3703,25,10,179,34,33,2005,437,1580,3.6,11,94,21.5,219,92,9,3,94,21.5,997,8,0,0,10,2,85,39
Ravens,525,296,56.4,5.6,2958,18,11,161,30.7,42,2005,431,1591,3.7,8,79,18.3,219,79,12,4,79,18.3,998,19,0,0,11,1,191,38
Giants,580,329,56.7,6.2,3584,20,17,189,32.6,41,2005,428,1656,3.9,12,83,19.4,236,94,12,6,83,19.4,1049,19,0,0,17,1,354,71
Dolphins,549,323,58.8,6,3307,23,14,183,33.3,49,2005,480,1771,3.7,11,94,19.6,236,95,19,8,94,19.6,1078,22,0,0,14,0,136,37
Saints,418,241,57.7,6.8,2849,20,10,145,34.7,25,2005,503,2145,4.3,16,103,20.5,220,89,4,3,103,20.5,946,9,0,0,10,0,182,51
Bengals,519,324,62.4,6.9,3569,21,31,185,35.6,28,2005,429,1850,4.3,16,109,25.4,190,81,14,6,109,25.4,976,19,0,0,31,1,260,37
Chargers,567,338,59.6,6.4,3599,20,10,189,33.3,46,2005,386,1349,3.5,14,90,23.3,212,79,20,10,90,23.3,999,16,0,0,10,2,205,70
Lions,487,295,60.6,6.4,3118,19,19,166,34.1,31,2005,488,2040,4.2,15,109,22.3,208,82,11,6,109,22.3,1006,20,0,0,19,2,308,64
Colts,509,343,67.4,6.2,3151,17,18,163,32,46,2005,398,1762,4.4,9,91,22.9,207,76,24,14,91,22.9,953,27,0,0,18,2,259,36
Vikings,533,319,59.8,6.2,3332,23,24,177,33.2,34,2005,462,1841,4,14,96,20.8,221,95,13,5,96,20.8,1029,12,0,0,24,3,392,92
Chiefs,559,325,58.1,6.6,3679,25,16,189,33.8,29,2005,383,1570,4.1,11,84,21.9,206,78,19,7,84,21.9,971,20,0,0,16,1,232,57
Cowboys,495,271,54.8,6.2,3083,18,15,150,30.3,37,2005,414,1731,4.2,13,87,21,211,73,11,7,87,21,946,17,0,0,15,2,187,58
Browns,471,279,59.2,6.1,2867,19,15,161,34.2,23,2005,527,2202,4.2,11,116,22,215,87,18,8,116,22,1021,12,0,0,15,0,130,37
Jaguars,482,285,59.1,6.1,2946,22,19,158,32.8,47,2005,434,1709,3.9,4,79,18.2,205,67,14,4,79,18.2,964,17,0,0,19,2,184,41
Buccaneers,476,275,57.8,6.2,2929,15,17,148,31.1,36,2005,438,1515,3.5,10,75,17.1,214,75,18,7,75,17.1,950,17,0,0,17,0,223,42
Redskins,535,291,54.4,5.8,3081,15,16,158,29.5,35,2005,411,1686,4.1,15,74,18,222,81,13,5,74,18,981,20,0,0,16,1,176,41
Seahawks,571,331,58,6.2,3559,18,16,194,34,50,2005,420,1510,3.6,5,78,18.6,234,89,19,12,78,18.6,1041,17,0,0,16,2,315,72
Jets,463,284,61.3,6,2755,17,21,151,32.6,30,2005,554,2185,3.9,19,136,24.6,212,88,17,14,136,24.6,1047,16,0,0,21,2,279,74
Broncos,613,344,56.1,5.9,3643,20,20,183,29.8,28,2005,344,1363,4,10,82,23.8,207,76,19,10,82,23.8,985,22,0,0,20,3,379,80
Bills,503,314,62.4,6.5,3291,19,17,169,33.6,38,2005,489,2205,4.5,22,146,29.9,200,93,12,7,146,29.9,1030,16,0,0,17,1,233,46
Falcons,526,320,60.8,6,3137,18,16,167,31.8,37,2005,438,2063,4.7,18,122,27.8,192,58,16,10,122,27.8,1001,14,0,0,16,0,268,65
Panthers,528,305,57.8,5.8,3057,15,23,160,30.3,45,2005,408,1465,3.6,9,72,17.6,221,90,16,5,72,17.6,981,19,0,0,23,2,440,61
Texans,469,304,64.8,7.5,3521,24,7,188,40.1,37,2005,506,2303,4.6,21,123,24.3,196,75,20,13,123,24.3,1011,20,0,0,7,0,46,29
Bears,550,313,56.9,5.2,2872,10,24,153,27.8,41,2005,443,1637,3.7,9,83,18.7,238,76,20,6,83,18.7,1034,21,0,0,24,4,524,95
49ers,576,374,64.9,7.7,4427,28,16,205,35.6,28,2005,486,1832,3.8,19,115,23.7,226,87,19,11,115,23.7,1090,13,0,0,16,3,220,61
Steelers,549,315,57.4,5.8,3168,15,15,179,32.6,47,2005,402,1376,3.4,10,75,18.7,232,92,17,6,75,18.7,998,21,0,0,15,0,179,55
Packers,515,286,55.5,6.4,3309,25,23,169,32.8,46,2006,441,1825,4.1,12,95,21.5,215,70,21,13,95,21.5,1002,16,0,0,23,4,289,55
Lions,511,339,66.3,6.9,3520,22,12,183,35.8,30,2006,492,2010,4.1,18,111,22.6,207,90,5,4,111,22.6,1033,18,1,0,12,1,160,88
Rams,451,266,59,6.7,3035,21,17,164,36.4,34,2006,477,2327,4.9,21,121,25.4,205,93,6,2,121,25.4,962,19,0,0,17,1,164,38
Dolphins,497,279,56.1,6,3007,22,8,166,33.4,47,2006,461,1618,3.5,7,72,15.6,234,89,16,9,72,15.6,1005,27,0,0,8,2,116,51
Saints,474,267,56.3,6,2854,26,11,148,31.2,38,2006,418,2063,4.9,10,96,23,199,69,13,6,96,23,930,15,0,0,11,0,106,54
Colts,415,266,64.1,6.1,2548,16,15,150,36.1,25,2006,519,2768,5.3,20,150,28.9,191,90,14,11,150,28.9,959,20,0,0,15,0,157,38
Cardinals,522,321,61.5,7.1,3694,21,16,186,35.6,38,2006,458,1897,4.1,16,114,24.9,201,83,15,7,114,24.9,1018,21,0,0,16,1,350,99
Eagles,525,309,58.9,5.8,3067,17,19,154,29.3,40,2006,489,2182,4.5,12,126,25.8,222,83,21,10,126,25.8,1054,19,0,0,19,4,428,102
Vikings,599,355,59.3,6.4,3818,15,21,192,32,30,2006,348,985,2.8,9,53,15.2,215,74,13,7,53,15.2,977,14,2,0,21,3,243,47
Panthers,500,291,58.2,6,3000,22,14,149,29.8,41,2006,449,1737,3.9,10,96,21.4,222,70,14,11,96,21.4,990,15,0,0,14,2,115,30
Buccaneers,493,301,61,6.8,3354,26,11,174,35.3,25,2006,497,1917,3.9,11,108,21.7,217,82,12,5,108,21.7,1015,19,0,0,11,3,226,66
Patriots,518,294,56.8,6.2,3203,10,22,164,31.7,44,2006,388,1507,3.9,11,67,17.3,209,75,11,3,67,17.3,950,14,0,0,22,0,262,70
Ravens,509,279,54.8,5.9,3011,16,28,151,29.7,60,2006,367,1214,3.3,5,59,16.1,208,60,23,9,59,16.1,936,13,0,0,28,5,544,60
Bengals,555,349,62.9,6.9,3818,24,19,206,37.1,35,2006,448,1863,4.2,15,109,24.3,211,88,21,11,109,24.3,1038,14,1,0,19,1,248,52
Giants,567,333,58.7,6.4,3649,21,17,189,33.3,32,2006,458,1830,4,19,106,23.1,226,97,24,9,106,23.1,1057,17,0,0,17,2,305,96
Steelers,529,319,60.3,6.4,3393,21,20,176,33.3,39,2006,408,1412,3.5,9,72,17.6,219,86,12,6,72,17.6,976,13,1,0,20,2,272,49
Bears,581,328,56.4,5.4,3116,18,24,159,27.4,40,2006,402,1590,4,7,77,19.2,239,74,16,10,77,19.2,1023,27,0,0,24,1,279,54
Browns,499,283,56.7,6.5,3242,20,18,178,35.7,28,2006,514,2275,4.4,14,107,20.8,228,100,10,4,107,20.8,1041,8,1,0,18,1,256,57
Seahawks,504,299,59.3,6.5,3256,23,12,160,31.8,41,2006,441,2029,4.6,12,102,23.1,219,80,12,6,102,23.1,986,18,0,0,12,1,124,37
Cowboys,511,301,58.9,6.9,3506,25,18,179,35,34,2006,429,1659,3.9,12,88,20.5,212,93,16,8,88,20.5,974,21,0,0,18,3,234,41
Jets,532,316,59.4,6.1,3222,19,16,181,34,35,2006,453,2084,4.6,14,111,24.5,208,76,23,12,111,24.5,1020,13,0,0,16,0,56,25
Raiders,410,245,59.8,5.9,2413,17,18,137,33.4,34,2006,542,2144,4,15,107,19.7,221,79,19,10,107,19.7,986,9,1,0,18,2,206,100
Texans,505,328,65,6.8,3444,22,11,174,34.5,28,2006,446,1956,4.4,16,115,25.8,198,88,11,5,115,25.8,979,13,0,0,11,1,78,21
Redskins,486,289,59.5,7.2,3491,30,6,169,34.8,19,2006,492,2197,4.5,9,104,21.1,222,97,9,6,104,21.1,997,12,0,0,6,0,25,25
Chargers,538,307,57.1,6,3212,19,16,178,33.1,61,2006,386,1613,4.2,13,87,22.5,213,78,17,6,87,22.5,985,17,0,0,16,0,140,35
Broncos,538,327,60.8,6.3,3410,13,17,183,34,35,2006,447,1813,4.1,13,97,21.7,221,81,14,5,97,21.7,1020,22,0,0,17,2,244,70
Chiefs,506,314,62.1,6.6,3334,18,15,171,33.8,32,2006,461,1928,4.2,14,109,23.6,212,83,13,8,109,23.6,999,23,0,0,15,0,124,30
Titans,530,335,63.2,6.8,3602,24,17,181,34.2,26,2006,506,2313,4.6,20,121,23.9,221,90,17,10,121,23.9,1062,10,0,0,17,2,282,83
Jaguars,523,294,56.2,5.9,3078,12,20,143,27.3,35,2006,420,1460,3.5,14,94,22.4,227,83,14,4,94,22.4,978,8,0,0,20,1,280,55
49ers,518,331,63.9,6.9,3571,25,14,189,36.5,34,2006,473,1936,4.1,18,107,22.6,216,96,14,7,107,22.6,1025,17,0,0,14,1,178,43
Bills,513,324,63.2,5.9,3019,18,13,168,32.8,40,2006,476,2254,4.7,14,117,24.6,216,79,17,11,117,24.6,1029,16,0,0,13,2,203,76
Falcons,515,321,62.3,7.1,3668,20,12,183,35.5,37,2006,442,1657,3.8,14,97,22,207,87,10,4,97,22,994,19,0,0,12,1,257,60
Saints,524,327,62.4,7.5,3924,32,13,196,37.4,32,2007,408,1646,4,7,80,19.6,206,86,19,7,80,19.6,964,17,0,0,13,3,267,75
Cardinals,570,361,63.3,6.5,3716,26,18,185,32.5,36,2007,407,1567,3.8,13,90,22.1,218,87,15,7,90,22.1,1013,14,0,0,18,6,551,71
Seahawks,568,333,58.6,6.2,3505,15,20,183,32.2,45,2007,422,1644,3.9,16,78,18.5,232,88,17,5,78,18.5,1035,25,0,0,20,1,299,84
Lions,602,422,70.1,6.9,4131,32,17,221,36.7,37,2007,448,1911,4.3,19,116,25.9,213,97,12,9,116,25.9,1087,25,0,0,17,3,362,66
Patriots,526,314,59.7,5.8,3041,23,19,172,32.7,47,2007,360,1572,4.4,7,91,25.3,187,63,20,11,91,25.3,933,20,0,0,19,3,288,65
Packers,534,295,55.2,6.3,3366,23,19,176,33,36,2007,424,1647,3.9,6,77,18.2,209,69,24,9,77,18.2,994,13,0,0,19,1,233,46
Eagles,539,312,57.9,6.4,3449,16,11,177,32.8,37,2007,403,1533,3.8,10,80,19.8,218,81,13,3,80,19.8,979,10,0,0,11,0,111,49
Bengals,540,353,65.4,6.8,3687,29,19,200,37,22,2007,449,1893,4.2,11,98,21.8,201,86,17,9,98,21.8,1011,16,0,0,19,1,220,44
Rams,523,318,60.8,6.9,3613,25,18,190,36.3,31,2007,445,1844,4.1,16,105,23.6,201,78,10,6,105,23.6,999,17,0,0,18,2,200,52
Bears,541,343,63.4,6.8,3708,19,16,185,34.2,41,2007,454,1967,4.3,17,100,22,223,73,13,8,100,22,1036,24,0,0,16,1,235,85
Chiefs,462,276,59.7,6.5,3022,17,14,156,33.8,37,2007,481,2089,4.3,11,104,21.6,208,65,11,2,104,21.6,980,14,0,0,14,0,142,37
Dolphins,409,242,59.2,7.4,3019,28,14,165,40.3,30,2007,544,2456,4.5,18,129,23.7,208,98,10,6,129,23.7,983,14,0,0,14,1,160,36
Ravens,490,293,59.8,7.3,3557,27,17,162,33.1,32,2007,446,1268,2.8,9,69,15.5,224,82,13,7,69,15.5,968,11,0,0,17,1,212,35
Falcons,536,336,62.7,6.8,3655,27,16,190,35.4,25,2007,481,2033,4.2,12,105,21.8,210,78,21,11,105,21.8,1042,16,0,0,16,0,174,33
Colts,498,325,65.3,5.6,2764,16,22,162,32.5,28,2007,454,1711,3.8,10,111,24.4,208,94,25,14,111,24.4,980,20,0,0,22,1,355,83
Browns,578,340,58.8,6.4,3681,29,17,211,36.5,28,2007,460,2072,4.5,8,100,21.7,215,79,25,11,100,21.7,1066,12,0,0,17,1,216,100
Giants,523,306,58.5,6.3,3317,24,15,185,35.4,53,2007,408,1563,3.8,12,83,20.3,211,73,16,10,83,20.3,984,16,0,0,15,3,204,43
Cowboys,581,342,58.9,5.9,3409,19,19,195,33.6,46,2007,381,1513,4,12,86,22.6,216,85,18,10,86,22.6,1008,20,0,0,19,2,331,70
Texans,546,361,66.1,6.7,3682,25,11,197,36.1,31,2007,417,1825,4.4,15,107,25.7,198,83,16,8,107,25.7,994,18,0,0,11,0,75,33
Redskins,602,351,58.3,5.7,3424,20,14,174,28.9,33,2007,391,1460,3.7,10,89,22.8,218,78,17,10,89,22.8,1026,18,0,0,14,2,301,61
Broncos,458,279,60.9,6.8,3094,25,14,168,36.7,33,2007,501,2282,4.6,14,119,23.8,213,91,13,10,119,23.8,992,21,0,0,14,0,105,37
Niners,543,345,63.5,6.7,3643,24,12,187,34.4,31,2007,504,1896,3.8,9,94,18.6,241,97,13,7,94,18.6,1078,12,0,0,12,0,138,62
Jets,470,289,61.5,6.7,3154,18,15,174,37,29,2007,517,2156,4.2,14,128,24.8,211,89,10,8,128,24.8,1016,10,0,0,15,0,110,36
Panthers,537,337,62.8,6.4,3426,22,14,174,32.4,23,2007,472,1771,3.8,13,100,21.2,226,96,14,7,100,21.2,1032,18,0,0,14,1,163,73
Buccaneers,490,297,60.6,5.6,2728,18,16,158,32.2,33,2007,454,1726,3.8,11,93,20.5,224,92,16,9,93,20.5,977,27,0,0,16,1,89,29
Chargers,555,338,60.9,6.2,3412,20,30,185,33.3,42,2007,416,1712,4.1,11,89,21.4,211,83,26,9,89,21.4,1013,19,0,0,30,2,311,70
Jaguars,543,319,58.8,6.3,3416,20,20,181,33.3,37,2007,390,1605,4.1,12,92,23.6,201,80,23,11,92,23.6,970,15,0,0,20,2,237,39
Titans,569,349,61.3,5.6,3187,21,22,165,29,40,2007,369,1478,4,11,80,21.7,230,97,16,8,80,21.7,978,16,0,0,22,2,358,76
Raiders,439,261,59.4,7.1,3132,17,18,156,35.5,27,2007,486,2334,4.8,24,121,24.9,210,82,11,6,121,24.9,952,13,0,0,18,2,321,66
Bills,567,354,62.4,6.7,3814,19,18,203,35.8,26,2007,454,1993,4.4,15,104,22.9,224,101,22,10,104,22.9,1047,12,0,0,18,2,193,38
Steelers,536,292,54.5,5.3,2824,22,11,158,29.5,36,2007,361,1438,4,6,74,20.5,215,87,19,6,74,20.5,933,25,0,0,11,2,234,51
Vikings,646,415,64.2,6.5,4225,22,15,222,34.4,38,2007,379,1185,3.1,7,67,17.7,234,94,18,7,67,17.7,1063,22,0,0,15,6,298,93
Saints,526,299,56.8,6.7,3547,21,15,180,34.2,28,2008,445,1885,4.2,14,100,22.5,206,82,14,8,100,22.5,999,10,0,0,15,0,188,42
Cardinals,517,323,62.5,6.8,3540,36,13,172,33.3,31,2008,445,1764,4,13,117,26.3,207,92,17,13,117,26.3,993,20,0,0,13,2,321,99
Broncos,495,333,67.3,7.4,3656,20,6,186,37.6,26,2008,469,2337,5,26,122,26,202,89,18,10,122,26,990,9,0,0,6,0,63,34
Eagles,525,284,54.1,5.6,2913,19,15,144,27.4,48,2008,421,1476,3.5,7,79,18.8,227,73,14,5,79,18.8,994,21,0,0,15,2,279,55
Colts,481,329,68.4,6.3,3009,6,15,165,34.3,30,2008,472,1966,4.2,18,119,25.2,211,100,7,3,119,25.2,983,22,0,0,15,2,204,85
Buccaneers,475,276,58.1,6.3,2997,23,22,153,32.2,29,2008,441,1901,4.3,8,87,19.7,214,81,13,5,87,19.7,945,12,0,0,22,3,396,84
Texans,471,294,62.4,7.3,3423,24,12,167,35.5,25,2008,439,1962,4.5,18,114,26,188,74,13,10,114,26,935,15,0,0,12,1,178,44
Cowboys,508,308,60.6,5.9,3003,19,8,163,32.1,59,2008,402,1706,4.2,11,85,21.1,216,77,14,8,85,21.1,969,17,0,0,8,1,36,23
Packers,518,287,55.4,6.3,3244,22,22,141,27.2,27,2008,458,2105,4.6,20,121,26.4,210,80,23,17,121,26.4,1003,14,0,0,22,6,685,99
Chiefs,522,348,66.7,7.2,3748,21,13,195,37.4,10,2008,509,2543,5,25,133,26.1,211,100,14,6,133,26.1,1041,20,0,0,13,2,275,91
Jaguars,465,297,63.9,7.7,3586,25,13,166,35.7,29,2008,428,1709,4,14,98,22.9,200,82,11,5,98,22.9,922,11,0,0,13,2,220,72
Patriots,474,288,60.8,6.8,3222,27,14,176,37.1,31,2008,415,1722,4.2,8,78,18.8,205,91,10,2,78,18.8,920,13,0,0,14,0,104,47
Jets,572,368,64.3,6.6,3752,23,14,209,36.5,41,2008,407,1518,3.7,10,86,21.1,210,81,18,13,86,21.1,1020,29,0,0,14,3,282,92
Bears,622,383,61.6,6.2,3859,21,22,208,33.4,28,2008,437,1496,3.4,16,93,21.3,232,81,21,10,93,21.3,1087,8,0,0,22,1,312,50
Rams,444,278,62.6,7.8,3475,20,12,158,35.6,30,2008,501,2475,4.9,26,146,29.1,187,74,6,4,146,29.1,975,18,0,0,12,0,162,43
Bengals,506,315,62.2,6.5,3287,23,12,169,33.4,17,2008,490,1921,3.9,15,106,21.6,218,93,11,5,106,21.6,1013,13,0,0,12,1,236,50
Redskins,511,290,56.8,6.1,3095,16,13,159,31.1,24,2008,398,1526,3.8,12,86,21.6,208,74,12,8,86,21.6,933,11,0,0,13,0,114,42
Lions,443,303,68.4,8.4,3716,25,4,188,42.4,30,2008,536,2754,5.1,31,147,27.4,196,89,10,6,147,27.4,1009,22,0,0,4,0,16,18
Niners,545,331,60.7,6.4,3507,22,12,170,31.2,30,2008,452,1709,3.8,14,104,23,219,83,19,12,104,23,1027,12,0,0,12,1,139,86
Steelers,533,301,56.5,4.7,2511,12,20,149,28,51,2008,390,1284,3.3,7,73,18.7,226,71,21,10,73,18.7,974,12,0,0,20,2,290,89
Dolphins,551,320,58.1,6.6,3644,18,18,173,31.4,40,2008,388,1620,4.2,11,96,24.7,209,79,19,11,96,24.7,979,17,0,0,18,2,214,55
Giants,503,296,58.8,6.2,3139,17,17,165,32.8,42,2008,386,1533,4,14,78,20.2,204,83,16,5,78,20.2,931,15,0,0,17,2,339,57
Browns,446,286,64.1,7.3,3273,19,23,176,39.5,17,2008,541,2431,4.5,16,125,23.1,207,95,17,11,125,23.1,1004,11,0,0,23,2,406,98
Bills,492,301,61.2,6.6,3271,14,10,167,33.9,24,2008,455,1946,4.3,18,113,24.8,202,73,16,8,113,24.8,971,15,0,0,10,3,217,64
Chargers,605,411,67.9,6.5,3958,25,15,213,35.2,28,2008,408,1641,4,11,98,24,207,84,24,13,98,24,1041,13,0,0,15,2,167,59
Seahawks,566,366,64.7,7.3,4149,25,9,207,36.6,35,2008,457,1899,4.2,13,98,21.4,222,94,13,8,98,21.4,1058,22,0,0,9,2,217,75
Titans,575,342,59.5,5.6,3196,12,20,166,28.9,44,2008,403,1502,3.7,12,81,20.1,226,79,18,8,81,20.1,1022,23,0,0,20,3,351,99
Vikings,530,324,61.1,6.5,3449,15,12,163,30.8,45,2008,371,1230,3.3,10,72,19.4,203,68,13,5,72,19.4,946,22,0,0,12,0,56,28
Falcons,549,325,59.2,6.4,3526,20,10,189,34.4,34,2008,415,2046,4.9,17,108,26,208,79,20,10,108,26,998,10,0,0,10,2,233,95
Ravens,528,276,52.3,5.4,2875,17,26,152,28.8,34,2008,366,1302,3.6,4,58,15.8,212,71,16,3,58,15.8,928,13,0,0,26,5,477,107
Raiders,471,266,56.5,6.8,3220,20,16,166,35.2,32,2008,542,2555,4.7,23,129,23.8,232,103,13,9,129,23.8,1045,15,0,0,16,0,145,44
Panthers,557,333,59.8,6.1,3387,19,12,178,32,37,2008,432,1912,4.4,14,100,23.2,219,87,20,9,100,23.2,1026,17,0,0,12,0,192,44
Seahawks,568,374,65.8,6.9,3927,27,13,204,35.9,28,2009,428,1776,4.2,17,80,18.7,223,87,12,6,80,18.7,1024,13,0,0,13,2,164,65
Colts,583,372,63.8,5.8,3403,19,16,203,34.8,34,2009,467,2024,4.3,10,106,22.7,231,104,19,6,106,22.7,1084,14,0,0,16,2,167,35
Cardinals,593,346,58.4,6.3,3739,22,21,188,31.7,43,2009,402,1804,4.5,13,81,20.2,232,82,24,12,81,20.2,1038,12,0,0,21,1,338,80
Texans,548,344,62.8,6.4,3487,19,14,175,31.9,30,2009,396,1711,4.3,17,91,23,201,79,21,9,91,23,974,13,0,0,14,1,212,70
Patriots,512,300,58.6,6.6,3355,25,18,193,37.7,31,2009,398,1768,4.4,6,80,20.1,194,72,21,10,80,20.1,941,18,0,0,18,3,327,91
Lions,545,371,68.1,7.8,4249,35,9,213,39.1,26,2009,458,2025,4.4,18,95,20.7,210,85,15,10,95,20.7,1029,18,0,0,9,2,210,101
Falcons,536,335,62.5,7.2,3871,25,15,197,36.8,28,2009,433,1711,4,10,89,20.6,214,97,17,8,89,20.6,997,20,0,0,15,1,158,62
Bears,531,341,64.2,6.4,3382,29,13,186,35,35,2009,467,2022,4.3,14,105,22.5,226,93,13,6,105,22.5,1033,23,0,0,13,1,144,39
Broncos,510,298,58.4,5.8,2981,18,17,167,32.8,39,2009,458,2059,4.5,11,99,21.6,218,81,16,8,99,21.6,1007,20,0,0,17,0,171,37
Packers,540,294,54.4,6,3218,29,30,168,31.1,37,2009,371,1333,3.6,5,68,18.3,211,76,25,10,68,18.3,948,12,0,0,30,3,477,67
Vikings,535,341,63.7,6.5,3494,26,11,183,34.2,48,2009,357,1394,3.9,5,63,17.6,200,69,12,5,63,17.6,940,23,0,0,11,0,43,36
Eagles,580,354,61,6,3462,27,25,179,30.9,44,2009,413,1675,4.1,11,81,19.6,221,73,30,17,81,19.6,1037,15,0,0,25,2,370,83
Cowboys,572,344,60.1,6.3,3606,19,11,186,32.5,42,2009,365,1448,4,7,74,20.3,200,70,12,6,74,20.3,979,17,0,0,11,1,33,27
Dolphins,489,281,57.5,7.7,3754,23,15,184,37.6,44,2009,435,1835,4.2,16,88,20.2,198,69,15,8,88,20.2,968,14,0,0,15,1,164,29
Saints,574,330,57.5,6.6,3769,15,26,175,30.5,35,2009,435,1955,4.5,19,111,25.5,216,82,24,11,111,25.5,1044,15,0,0,26,5,652,99
Rams,491,315,64.2,7.7,3764,22,8,182,37.1,25,2009,500,2201,4.4,24,127,25.4,209,91,12,6,127,25.4,1016,14,0,0,8,1,102,36
Giants,498,314,63,6.9,3425,31,13,182,36.6,32,2009,423,1773,4.2,21,103,24.4,199,77,19,12,103,24.4,953,20,0,0,13,2,221,49
Chiefs,509,302,59.3,7.3,3707,25,15,178,35,22,2009,531,2504,4.7,18,122,23,223,85,11,6,122,23,1062,11,0,0,15,2,380,94
Steelers,548,319,58.2,6.3,3447,22,12,186,33.9,47,2009,372,1438,3.9,7,70,18.8,227,96,10,7,70,18.8,967,14,0,0,12,2,189,82
Redskins,511,314,61.4,6.5,3316,19,11,176,34.4,40,2009,449,1799,4,10,85,18.9,219,87,17,4,85,18.9,1000,17,0,0,11,0,185,44
Niners,580,352,60.7,6.3,3670,14,18,176,30.3,44,2009,426,1552,3.6,12,77,18.1,240,88,15,6,77,18.1,1050,23,0,0,18,1,237,51
Buccaneers,482,301,62.4,6.9,3318,28,19,171,35.5,28,2009,529,2531,4.8,16,129,24.4,214,86,15,9,129,24.4,1039,10,0,0,19,2,275,36
Jaguars,510,345,67.6,7.4,3774,28,15,191,37.4,14,2009,458,1863,4.1,12,100,21.8,209,94,17,12,100,21.8,982,15,0,0,15,0,208,37
Chargers,534,326,61,6.3,3348,23,14,177,33.2,35,2009,422,1884,4.5,10,112,26.5,203,82,20,10,112,26.5,991,18,0,0,14,1,173,34
Ravens,524,306,58.4,6.3,3316,17,22,164,31.3,32,2009,435,1492,3.4,8,82,18.8,218,80,17,7,82,18.8,991,15,0,0,22,2,346,52
Raiders,438,259,59.1,7.5,3303,16,8,158,36.1,37,2009,548,2488,4.5,24,126,23,216,77,14,9,126,23,1023,13,0,0,8,0,35,20
Bengals,547,318,58.1,5.9,3249,18,19,165,30.2,34,2009,399,1573,3.9,12,95,23.8,210,81,15,7,95,23.8,980,11,0,0,19,2,259,45
Titans,604,404,66.9,6.8,4139,31,20,210,34.8,32,2009,402,1711,4.3,16,89,22.1,218,89,17,12,89,22.1,1038,13,0,0,20,4,433,80
Panthers,495,305,61.6,6.2,3056,14,22,155,31.3,31,2009,450,1997,4.4,15,109,24.2,197,70,17,9,109,24.2,976,22,0,0,22,1,235,41
Browns,526,313,59.5,7.4,3915,22,10,189,35.9,40,2009,506,2314,4.6,15,120,23.7,221,86,20,10,120,23.7,1072,11,0,0,10,0,161,47
Bills,519,295,56.8,5.7,2948,14,28,157,30.2,32,2009,535,2501,4.7,19,134,25,240,97,26,14,134,25,1086,13,0,0,28,2,335,76
Jets,501,259,51.7,4.9,2459,8,17,128,25.6,32,2009,420,1578,3.8,11,87,20.7,219,69,19,7,87,20.7,953,15,0,0,17,1,247,67
Colts,535,356,66.5,6.4,3433,22,10,190,35.5,30,2010,445,2032,4.6,14,111,24.9,200,78,18,8,111,24.9,1010,12,0,0,10,2,206,44
Saints,494,306,61.9,6.3,3103,13,9,150,30.4,33,2010,421,1797,4.3,13,94,22.3,203,70,23,15,94,22.3,948,25,0,0,9,2,196,96
Lions,518,330,63.7,6.8,3498,23,14,187,36.1,44,2010,443,1999,4.5,18,98,22.1,198,77,12,5,98,22.1,1005,21,0,0,14,2,194,42
Redskins,578,367,63.5,7.2,4187,23,14,207,35.8,29,2010,444,2041,4.6,15,106,23.9,214,75,10,7,106,23.9,1051,19,0,0,14,1,199,92
Bengals,514,326,63.4,6.8,3469,21,16,170,33.1,27,2010,416,1843,4.4,15,97,23.3,198,75,7,2,97,23.3,957,12,10,1,16,1,200,56
Rams,570,328,57.5,6.3,3578,21,14,191,33.5,43,2010,404,1810,4.5,7,88,21.8,221,74,12,6,88,21.8,1017,23,0,0,14,0,161,34
Broncos,502,297,59.2,7.5,3780,26,10,184,36.6,23,2010,531,2473,4.7,26,126,23.7,209,80,16,10,126,23.7,1056,13,0,0,10,0,118,36
Falcons,560,364,65,6.5,3625,23,22,183,32.7,31,2010,366,1694,4.6,9,87,23.8,201,79,17,9,87,23.8,957,14,9,1,22,2,337,40
Cowboys,540,348,64.4,7.2,3894,33,20,200,37,35,2010,402,1734,4.3,11,84,20.9,204,81,9,4,84,20.9,977,14,10,1,20,3,302,101
Texans,547,354,64.7,7.8,4280,33,13,211,38.6,30,2010,433,1751,4,16,113,26.1,195,77,13,11,113,26.1,1010,11,0,0,13,0,90,23
Eagles,536,309,57.6,6.5,3469,31,23,185,34.5,39,2010,423,1766,4.2,12,91,21.5,209,80,12,5,91,21.5,998,11,0,0,23,1,182,40
Cardinals,533,324,60.8,6.9,3654,22,17,178,33.4,33,2010,526,2323,4.4,19,123,23.4,233,87,17,9,123,23.4,1092,13,0,0,17,3,424,66
Dolphins,502,288,57.4,6.7,3348,22,11,166,33.1,39,2010,447,1601,3.6,8,84,18.8,226,84,22,8,84,18.8,988,13,0,0,11,0,66,21
Chargers,488,285,58.4,5.8,2845,18,16,153,31.4,47,2010,404,1500,3.7,14,77,19.1,208,70,28,12,77,19.1,939,11,0,0,16,3,240,41
Seahawks,585,339,58,6.8,3994,31,12,206,35.2,37,2010,452,1903,4.2,13,91,20.1,238,94,19,8,91,20.1,1074,16,0,0,12,2,168,34
Packers,527,296,56.2,5.9,3107,16,24,163,30.9,47,2010,395,1838,4.6,6,82,20.8,213,77,20,6,82,20.8,969,15,0,0,24,3,318,64
Giants,539,308,57.1,6.2,3352,24,16,159,29.5,46,2010,389,1620,4.2,11,88,22.6,208,66,17,9,88,22.6,974,34,0,0,16,0,110,36
Jets,531,269,50.7,6,3210,24,12,169,31.8,40,2010,408,1454,3.6,11,70,17.2,219,81,6,4,70,17.2,979,17,0,0,12,3,214,66
Bills,473,294,62.2,6.5,3072,28,11,179,37.8,27,2010,571,2714,4.8,18,138,24.2,227,98,10,7,138,24.2,1071,15,0,0,11,2,210,56
Patriots,611,388,63.5,6.8,4136,25,25,226,37,36,2010,409,1728,4.2,10,99,24.2,210,99,20,12,99,24.2,1056,11,0,0,25,4,419,59
Vikings,529,333,63,6.4,3367,25,15,178,33.6,31,2010,417,1635,3.9,10,87,20.9,213,87,10,5,87,20.9,977,12,0,0,15,1,152,41
Niners,550,358,65.1,6.7,3697,25,15,188,34.2,36,2010,447,1547,3.5,9,86,19.2,217,84,13,3,86,19.2,1033,13,0,0,15,3,239,62
Buccaneers,521,307,58.9,6.2,3216,23,19,171,32.8,26,2010,444,2107,4.8,12,118,26.6,213,92,17,9,118,26.6,991,12,0,0,19,3,339,64
Ravens,596,349,58.6,6,3599,22,19,187,31.4,27,2010,384,1503,3.9,5,79,20.6,229,87,12,6,79,20.6,1007,15,0,0,19,3,289,44
Raiders,470,249,53,6.4,3027,29,12,150,31.9,47,2010,474,2138,4.5,14,98,20.7,218,76,11,3,98,20.7,991,15,0,0,12,2,105,30
Panthers,526,326,62,6.4,3393,19,17,176,33.5,31,2010,503,1981,3.9,20,121,24.1,213,81,9,4,121,24.1,1060,14,0,0,17,1,285,66
Steelers,593,363,61.2,5.8,3425,15,21,182,30.7,48,2010,333,1004,3,5,61,18.3,209,70,16,10,61,18.3,974,24,0,0,21,3,248,79
Browns,507,309,61,7,3531,26,19,195,38.5,29,2010,505,2070,4.1,7,102,20.2,224,96,15,11,102,20.2,1041,9,0,0,19,2,320,64
Chiefs,581,319,54.9,6.1,3519,23,14,186,32,39,2010,408,1764,4.3,11,88,21.6,223,84,20,7,88,21.6,1028,18,0,0,14,3,204,54
Titans,625,410,65.6,6.4,4032,23,17,214,34.2,40,2010,474,1851,3.9,7,107,22.6,242,104,22,9,107,22.6,1139,17,0,0,17,1,198,41
Jaguars,506,329,65,7.9,4004,28,13,197,38.9,26,2010,416,1945,4.7,19,98,23.6,189,78,18,8,98,23.6,948,8,0,0,13,0,105,47
Bears,582,363,62.4,6.2,3588,14,21,183,31.4,34,2010,386,1441,3.7,14,88,22.8,216,75,13,6,88,22.8,1002,23,0,0,21,1,332,56
Lions,604,376,62.2,6.3,3831,26,21,195,32.3,41,2011,410,2050,5,10,91,22.2,205,67,19,8,91,22.2,1055,17,0,0,21,5,458,100
Saints,626,362,57.8,6.6,4157,24,9,196,31.3,33,2011,351,1738,5,11,92,26.2,202,67,22,6,92,26.2,1010,17,0,0,9,1,80,42
Patriots,619,386,62.4,7.6,4703,26,23,245,39.6,40,2011,405,1874,4.6,13,101,24.9,202,87,19,8,101,24.9,1064,10,0,0,23,2,296,38
Falcons,560,340,60.7,6.8,3786,25,19,186,33.2,33,2011,372,1552,4.2,10,87,23.4,211,93,11,6,87,23.4,965,13,0,0,19,2,301,50
Redskins,509,308,60.5,7,3553,22,13,180,35.4,41,2011,438,1884,4.3,15,95,21.7,206,77,10,4,95,21.7,988,17,0,0,13,1,127,30
Giants,589,361,61.3,6.9,4082,28,20,210,35.6,48,2011,435,1940,4.5,15,103,23.7,220,84,18,10,103,23.7,1072,13,0,0,20,0,157,31
Buccaneers,481,301,62.6,7.9,3814,30,14,188,39.1,23,2011,498,2497,5,26,135,27.1,185,73,13,9,135,27.1,1002,13,0,0,14,3,195,43
Titans,591,369,62.4,6.1,3629,21,11,187,31.6,28,2011,461,2053,4.4,10,111,24.1,236,96,20,8,111,24.1,1080,15,0,0,11,1,179,97
Chargers,478,299,62.6,7.5,3591,29,17,186,38.9,32,2011,448,1955,4.4,8,102,22.8,195,96,9,1,102,22.8,958,7,0,0,17,1,260,64
Bills,507,321,63.3,7.3,3714,30,20,196,38.7,29,2011,467,2224,4.8,19,120,25.7,189,75,13,9,120,25.7,1003,15,0,0,20,4,341,43
Browns,469,265,56.5,6.3,2959,16,9,149,31.8,32,2011,534,2359,4.4,12,124,23.2,230,95,14,6,124,23.2,1035,15,0,0,9,0,93,29
Cowboys,545,336,61.6,7.2,3906,24,15,199,36.5,42,2011,385,1585,4.1,10,78,20.3,204,81,11,4,78,20.3,972,13,0,0,15,1,217,43
Eagles,518,301,58.1,6.6,3397,27,15,173,33.4,50,2011,414,1801,4.4,11,84,20.3,211,75,17,7,84,20.3,982,10,0,0,15,1,192,35
Packers,637,390,61.2,7.5,4796,29,31,246,38.6,29,2011,383,1789,4.7,10,96,25.1,195,83,16,4,96,25.1,1049,13,0,0,31,4,468,76
Cardinals,578,340,58.8,6.4,3696,17,10,174,30.1,42,2011,475,1986,4.2,15,118,24.8,226,71,8,4,118,24.8,1095,12,0,0,10,0,117,49
Rams,484,293,60.5,6.8,3301,21,12,166,34.3,39,2011,510,2433,4.8,17,122,23.9,216,83,8,5,122,23.9,1033,16,0,0,12,1,169,51
Jets,507,275,54.2,6.3,3216,15,19,167,32.9,35,2011,451,1777,3.9,17,83,18.4,211,69,10,1,83,18.4,993,19,0,0,19,2,378,100
Ravens,535,288,53.8,5.9,3140,11,15,166,31,48,2011,419,1482,3.5,10,79,18.8,221,71,21,10,79,18.8,1002,21,0,0,15,1,175,73
Steelers,530,289,54.5,5.2,2751,15,11,156,29.4,35,2011,399,1597,4,7,82,20.6,221,86,13,8,82,20.6,964,10,0,0,11,0,99,33
Bengals,539,319,59.2,6.3,3385,21,10,170,31.5,45,2011,425,1675,3.9,14,94,22.1,220,78,11,4,94,22.1,1009,18,0,0,10,1,137,75
Colts,493,351,71.2,7.4,3632,25,8,193,39.2,29,2011,540,2303,4.3,19,136,25.2,216,98,6,3,136,25.2,1062,14,0,0,8,2,118,32
Raiders,601,324,53.9,6.7,4023,31,18,206,34.3,39,2011,430,2178,5.1,15,105,24.4,219,92,14,4,105,24.4,1070,7,0,0,18,0,252,73
Panthers,490,318,64.9,8.1,3949,28,14,191,39,31,2011,451,2093,4.6,18,110,24.4,194,83,12,4,110,24.4,972,12,0,0,14,0,197,53
Vikings,538,367,68.2,7.5,4019,34,8,213,39.6,50,2011,439,1712,3.9,10,92,21,208,92,9,5,92,21,1027,19,0,0,8,0,152,52
Seahawks,543,324,59.7,6.5,3518,18,22,174,32,33,2011,473,1797,3.8,10,96,20.3,221,77,11,7,96,20.3,1049,13,0,0,22,4,462,94
Chiefs,454,257,56.6,7.1,3221,23,20,169,37.2,29,2011,508,2112,4.2,14,96,18.9,210,72,16,7,96,18.9,991,13,0,0,20,2,283,59
Bears,631,383,60.7,6.4,4065,22,20,199,31.5,33,2011,384,1542,4,10,75,19.5,229,80,17,7,75,19.5,1048,14,0,0,20,4,177,44
Jaguars,513,326,63.6,6.5,3341,21,17,175,34.1,31,2011,435,1667,3.8,14,73,16.8,218,79,9,4,73,16.8,979,19,0,0,17,0,160,30
Dolphins,590,350,59.3,6.8,3992,24,16,198,33.6,41,2011,412,1530,3.7,8,88,21.4,219,74,14,7,88,21.4,1043,9,0,0,16,1,256,55
Texans,538,279,51.9,5.6,3035,18,17,166,30.9,44,2011,378,1536,4.1,8,73,19.3,212,76,13,6,73,19.3,960,13,0,0,17,1,196,42
Niners,579,333,57.5,6.4,3695,20,23,190,32.8,42,2011,353,1236,3.5,3,53,15,216,76,17,7,53,15,974,19,0,0,23,1,284,48
Broncos,534,333,62.4,6.9,3704,24,9,182,34.1,41,2011,488,2021,4.1,11,101,20.7,218,73,9,3,101,20.7,1063,11,0,0,9,3,152,55
Lions,544,346,63.6,6.6,3569,26,11,167,30.7,34,2012,420,1889,4.5,13,107,25.5,208,76,6,5,107,25.5,998,11,0,0,11,0,135,29
Saints,602,370,61.5,7.8,4681,31,15,236,39.2,30,2012,457,2361,5.2,18,116,25.4,208,80,19,10,116,25.4,1089,11,0,0,15,4,369,99
Cowboys,511,320,62.6,7.2,3684,22,7,195,38.2,34,2012,441,2003,4.5,17,92,20.9,202,81,11,6,92,20.9,986,14,0,0,7,1,147,47
Patriots,594,369,62.1,7.3,4342,27,20,207,34.8,37,2012,415,1630,3.9,10,100,24.1,205,82,23,9,100,24.1,1046,30,0,0,20,2,371,87
Raiders,526,347,66,7.2,3775,28,11,180,34.2,25,2012,444,1897,4.3,18,95,21.4,212,83,14,8,95,21.4,995,9,0,0,11,0,91,24
Colts,535,334,62.4,7.1,3788,23,12,190,35.5,32,2012,428,2200,5.1,14,102,23.8,197,75,7,3,102,23.8,995,6,0,0,12,4,155,51
Eagles,485,292,60.2,7.2,3470,33,8,178,36.7,30,2012,479,2021,4.2,11,108,22.6,203,83,10,2,108,22.6,994,13,0,0,8,0,31,14
Falcons,551,337,61.2,7,3878,14,20,189,34.3,29,2012,411,1971,4.8,16,99,24.1,200,81,13,6,99,24.1,991,15,0,0,20,1,246,79
Cardinals,497,270,54.3,6.5,3213,20,22,160,32.2,38,2012,506,2192,4.3,12,107,21.2,222,73,9,4,107,21.2,1041,13,0,0,22,2,306,102
Broncos,559,321,57.4,5.7,3194,25,16,183,32.7,52,2012,404,1458,3.6,5,73,18.1,216,66,18,7,73,18.1,1015,19,0,0,16,5,347,98
Jaguars,535,341,63.7,7.2,3832,21,12,194,36.3,20,2012,545,2256,4.1,19,133,24.4,215,89,9,4,133,24.4,1100,12,0,0,12,0,122,21
Steelers,523,299,57.2,5.7,2963,19,10,169,32.3,37,2012,391,1450,3.7,9,78,20,206,73,11,8,78,20,951,15,0,0,10,1,127,53
Browns,600,378,63,6.5,3923,27,17,203,33.8,38,2012,457,1898,4.2,14,104,22.8,223,85,11,7,104,22.8,1095,16,0,0,17,2,230,50
Buccaneers,627,410,65.4,7.6,4758,30,18,226,36,27,2012,377,1320,3.5,13,75,19.9,219,88,14,6,75,19.9,1031,11,0,0,18,3,419,83
Ravens,557,335,60.1,6.6,3650,15,13,187,33.6,37,2012,492,1965,4,15,105,21.3,232,83,12,6,105,21.3,1086,10,0,0,13,2,196,63
Packers,568,313,55.1,6.2,3492,24,18,191,33.6,47,2012,418,1896,4.5,12,83,19.9,218,83,23,9,83,19.9,1033,8,0,0,18,1,246,72
Rams,547,362,66.2,6.6,3602,16,17,197,36,52,2012,442,1880,4.2,18,107,24.2,213,80,16,6,107,24.2,1041,12,0,0,17,4,382,42
Texans,581,308,53,6.2,3612,29,15,167,28.7,44,2012,390,1560,4,5,94,24.1,215,71,16,5,94,24.1,1015,17,0,0,15,3,333,86
Bengals,560,346,61.8,6.1,3400,16,14,183,32.7,51,2012,423,1715,4,13,99,23.4,219,79,12,5,99,23.4,1034,16,0,0,14,2,164,44
Titans,564,374,66.3,7,3964,31,19,210,37.2,39,2012,483,2035,4.2,16,122,25.3,214,85,14,6,122,25.3,1086,13,0,0,19,4,358,79
Giants,534,341,63.9,7.6,4068,26,21,196,36.7,33,2012,449,2066,4.6,9,104,23.2,198,84,21,10,104,23.2,1016,16,0,0,21,1,496,70
Chargers,568,347,61.1,6.5,3681,28,14,201,35.4,38,2012,406,1542,3.8,10,85,20.9,214,90,10,4,85,20.9,1012,18,0,0,14,5,336,80
Bills,536,306,57.1,6.5,3473,25,12,182,34,36,2012,470,2333,5,23,136,28.9,209,92,12,6,136,28.9,1042,21,0,0,12,1,178,45
Dolphins,600,353,58.8,6.6,3974,18,10,215,35.8,42,2012,431,1734,4,10,79,18.3,238,87,17,12,79,18.3,1073,15,0,0,10,0,99,31
Jets,494,266,53.8,6.2,3036,20,11,161,32.6,30,2012,495,2138,4.3,17,96,19.4,226,84,15,12,96,19.4,1019,14,0,0,11,2,117,40
Panthers,555,371,66.8,6.4,3568,22,11,195,35.1,39,2012,416,1761,4.2,11,98,23.6,202,73,19,10,98,23.6,1010,16,0,0,11,3,181,74
Bears,592,350,59.1,5.8,3423,19,24,186,31.4,41,2012,388,1627,4.2,6,75,19.3,220,78,16,10,75,19.3,1021,26,0,0,24,8,488,74
Vikings,612,391,63.9,6.4,3908,28,10,229,37.4,44,2012,427,1692,4,10,82,19.2,230,95,20,11,82,19.2,1083,16,0,0,10,3,224,56
Chiefs,464,279,60.1,7.6,3533,29,7,176,37.9,27,2012,482,2171,4.5,11,106,22,202,79,4,3,106,22,973,14,0,0,7,0,119,32
Redskins,636,393,61.8,7.1,4511,31,21,223,35.1,32,2012,363,1532,4.2,11,89,24.5,215,95,14,8,89,24.5,1031,12,0,0,21,3,257,49
Niners,567,337,59.4,5.6,3203,19,14,178,31.4,38,2012,407,1507,3.7,7,72,17.7,215,71,25,14,72,17.7,1012,15,0,0,14,2,216,63
Seahawks,564,327,58,5.8,3250,15,18,186,33,36,2012,368,1649,4.5,8,80,21.7,198,76,10,3,80,21.7,968,18,0,0,18,2,255,57
Browns,605,363,60,5.8,3538,29,14,197,32.6,40,2013,462,1781,3.8,13,103,22.3,244,109,9,4,103,22.3,1107,8,7,1,14,3,274,44
Broncos,613,357,58.2,6.6,4070,29,17,208,33.9,41,2013,420,1626,3.9,15,90,21.4,218,83,15,4,90,21.4,1074,16,9,1,17,1,141,75
Falcons,516,341,66.1,7.6,3897,31,10,196,38,32,2013,455,2173,4.8,14,102,22.4,209,96,11,7,102,22.4,1003,13,10,1,10,2,176,71
Saints,507,304,60,6.1,3105,20,12,168,33.1,49,2013,387,1786,4.6,11,82,21.2,199,69,12,4,82,21.2,943,13,7,0,12,0,169,43
Lions,572,338,59.1,6.9,3950,24,15,197,34.4,33,2013,377,1596,4.2,10,62,16.4,211,64,12,9,62,16.4,982,11,7,1,15,1,211,66
Texans,484,287,59.3,6.4,3123,29,7,158,32.6,32,2013,454,1958,4.3,11,88,19.4,217,75,8,3,88,19.4,970,10,4,0,7,1,86,32
Patriots,589,336,57,6.5,3824,25,17,208,35.3,48,2013,481,2145,4.5,11,110,22.9,232,98,21,4,110,22.9,1118,11,12,1,17,2,220,79
Ravens,552,314,56.9,6.7,3681,25,16,176,31.9,40,2013,440,1687,3.8,7,79,18,233,78,14,8,79,18,1032,14,7,0,16,1,160,37
Redskins,514,337,65.6,7.6,3896,29,16,204,39.7,36,2013,443,1769,4,23,102,23,194,66,17,12,102,23,993,12,9,1,16,4,247,45
Dolphins,580,344,59.3,6.5,3752,17,18,192,33.1,42,2013,484,1998,4.1,14,114,23.6,238,91,15,8,114,23.6,1106,10,6,0,18,2,204,94
Jaguars,551,354,64.2,7.2,3962,29,11,200,36.3,31,2013,507,2108,4.2,20,121,23.9,226,96,12,9,121,23.9,1089,15,10,1,11,1,172,59
Bengals,614,362,59,5.4,3344,22,20,178,29,43,2013,385,1544,4,6,72,18.7,225,74,16,5,72,18.7,1042,13,11,1,20,4,200,60
Cowboys,623,403,64.7,7.4,4589,33,15,231,37.1,34,2013,437,2056,4.7,17,122,27.9,210,91,18,9,122,27.9,1094,13,13,3,15,2,257,74
Steelers,569,329,57.8,6.2,3553,21,10,174,30.6,34,2013,433,1849,4.3,18,106,24.5,230,91,20,9,106,24.5,1036,16,10,0,10,3,203,40
Colts,536,324,60.4,6.9,3711,21,15,191,35.6,42,2013,448,2002,4.5,14,101,22.5,210,79,19,10,101,22.5,1026,19,12,0,15,1,186,46
Bears,507,315,62.1,7.4,3730,25,19,184,36.3,31,2013,483,2583,5.4,22,147,30.4,200,83,16,12,147,30.4,1021,19,8,1,19,5,428,49
Cardinals,625,367,58.7,6,3728,29,20,208,33.3,47,2013,370,1351,3.6,5,68,18.4,221,78,16,6,68,18.4,1042,11,9,1,20,4,251,43
Packers,539,332,61.6,7.3,3956,30,11,190,35.2,44,2013,432,2000,4.6,16,116,26.8,204,78,17,10,116,26.8,1015,16,11,2,11,0,36,11
Giants,601,361,60.1,6,3573,21,17,198,33,34,2013,454,1743,3.8,12,101,22.2,232,93,15,4,101,22.2,1089,15,12,0,17,2,270,91
Chiefs,592,334,56.4,6.7,3962,25,21,189,31.9,47,2013,428,1923,4.5,9,88,20.6,229,78,18,9,88,20.6,1067,13,15,2,21,5,488,100
Vikings,648,419,64.7,7.1,4595,37,12,247,38.1,41,2013,443,1767,4,14,101,22.8,231,102,18,11,101,22.8,1132,12,8,1,12,0,78,30
Chargers,548,364,66.4,7.6,4139,23,11,208,38,35,2013,376,1725,4.6,14,98,26.1,180,70,13,6,98,26.1,959,11,6,0,11,1,143,41
Titans,545,344,63.1,6.6,3612,15,13,191,35,36,2013,446,1795,4,21,108,24.2,201,69,11,7,108,24.2,1027,14,12,2,13,1,113,34
Bills,561,310,55.3,5.8,3271,28,23,170,30.3,57,2013,471,2063,4.4,10,98,20.8,245,91,10,4,98,20.8,1089,12,6,1,23,2,289,57
Raiders,549,374,68.1,7.4,4092,33,9,202,36.8,38,2013,442,1727,3.9,15,100,22.6,211,91,6,2,100,22.6,1029,19,12,2,9,1,83,43
Buccaneers,547,352,64.4,7,3806,30,21,190,34.7,35,2013,438,1762,4,10,95,21.7,204,80,14,8,95,21.7,1020,15,10,0,21,3,338,85
Eagles,670,408,60.9,6.9,4636,25,19,239,35.7,37,2013,443,1668,3.8,12,100,22.6,231,93,20,8,100,22.6,1150,13,12,1,19,1,294,76
Rams,521,355,68.1,7.4,3874,21,14,203,39,53,2013,440,1646,3.7,18,87,19.8,201,78,16,9,87,19.8,1014,21,15,3,14,2,256,98
Jets,586,345,58.9,6.7,3947,26,13,198,33.8,41,2013,421,1412,3.4,9,68,16.2,231,85,18,7,68,16.2,1048,10,2,0,13,1,167,38
Panthers,563,375,66.6,6.1,3429,17,20,178,31.6,60,2013,352,1391,4,4,70,19.9,212,76,11,3,70,19.9,975,11,9,0,20,4,234,45
Seahawks,524,309,59,5.2,2752,16,28,156,29.8,44,2013,422,1626,3.8,4,83,19.7,216,76,11,4,83,19.7,990,17,10,1,28,3,385,58
Niners,585,345,59,6,3536,19,18,181,30.9,38,2013,397,1535,3.9,11,77,19.4,223,76,23,10,77,19.4,1020,12,10,3,18,2,278,89
Colts,543,320,58.9,6.8,3669,27,12,175,32.2,41,2014,423,1814,4.3,14,103,24.4,201,67,17,4,103,24.4,1007,21,13,1,12,1,143,47
Saints,546,341,62.4,7.4,4019,26,12,205,37.6,34,2014,442,2125,4.8,17,111,25.1,215,99,8,4,111,25.1,1022,11,5,0,12,0,120,45
Falcons,566,359,63.4,7.9,4478,20,16,224,39.6,22,2014,450,1894,4.2,21,108,24,203,95,8,4,108,24,1038,13,12,1,16,1,113,23
Raiders,538,343,63.8,7.1,3810,29,9,190,35.3,22,2014,481,1911,4,17,95,19.8,221,85,9,4,95,19.8,1041,12,5,1,9,0,76,30
Eagles,591,345,58.4,7.2,4238,30,12,211,35.7,49,2014,473,1771,3.7,14,88,18.6,232,88,12,3,88,18.6,1113,24,16,2,12,2,145,53
Steelers,543,350,64.5,7.5,4049,30,11,193,35.5,33,2014,368,1605,4.4,9,88,23.9,189,71,14,10,88,23.9,944,12,10,1,11,4,242,52
Bears,548,366,66.8,7.7,4230,34,14,227,41.4,39,2014,421,1803,4.3,12,78,18.5,201,85,19,12,78,18.5,1008,18,10,0,14,1,141,45
Patriots,574,342,59.6,6.7,3837,24,16,196,34.2,40,2014,419,1669,4,6,88,21,209,84,23,8,88,21,1033,15,8,2,16,0,184,60
Broncos,641,399,62.2,5.6,3607,29,18,219,34.2,41,2014,349,1276,3.7,9,60,17.2,222,81,17,10,60,17.2,1031,15,7,1,18,2,213,38
Giants,522,324,62.1,7.4,3850,25,17,187,35.8,47,2014,438,2162,4.9,15,112,25.6,200,72,10,4,112,25.6,1007,15,8,1,17,0,236,39
Lions,592,383,64.7,6.3,3706,23,20,209,35.3,42,2014,350,1109,3.2,8,59,16.9,207,77,15,6,59,16.9,984,11,7,1,20,1,388,70
Dolphins,537,338,62.9,6.6,3557,27,14,194,36.1,39,2014,453,1937,4.3,13,99,21.8,223,98,22,13,99,21.8,1029,13,11,1,14,2,299,81
Bills,559,337,60.3,5.9,3292,16,19,171,30.6,54,2014,414,1703,4.1,10,89,21.5,220,73,11,5,89,21.5,1027,14,11,1,19,0,322,45
Chargers,524,320,61.1,6.5,3427,24,7,168,32.1,26,2014,438,1986,4.5,11,98,22.4,207,89,10,2,98,22.4,988,16,11,3,7,0,65,27
Cardinals,579,365,63,7.2,4152,22,18,195,33.7,35,2014,396,1739,4.4,9,77,19.4,215,81,13,5,77,19.4,1010,9,7,1,18,3,321,88
Jaguars,541,355,65.6,7.2,3899,24,6,200,37,45,2014,499,2033,4.1,15,107,21.4,236,101,10,4,107,21.4,1085,19,13,2,6,1,80,55
Ravens,595,382,64.2,6.7,3979,22,11,205,34.4,49,2014,390,1412,3.6,8,75,19.2,221,89,14,5,75,19.2,1034,16,11,0,11,1,135,44
Redskins,519,345,66.5,7.7,3990,35,7,195,37.6,36,2014,421,1722,4.1,11,77,18.3,207,89,9,5,77,18.3,976,14,12,0,7,0,38,14
Panthers,562,364,64.8,6.5,3645,25,14,193,34.3,40,2014,397,1792,4.5,14,91,22.9,210,89,11,5,91,22.9,999,22,12,0,14,2,350,84
Packers,564,333,59,6.4,3623,26,18,196,34.8,41,2014,449,1919,4.3,11,116,25.8,206,83,28,15,116,25.8,1054,12,9,1,18,3,396,82
Buccaneers,563,387,68.7,7.2,4084,28,14,223,39.6,36,2014,468,1819,3.9,15,103,22,213,93,9,5,103,22,1067,16,11,0,14,3,155,33
Vikings,534,353,66.1,6.7,3572,26,13,189,35.4,41,2014,450,1943,4.3,10,100,22.2,217,90,14,9,100,22.2,1025,9,6,1,13,2,201,81
Rams,540,368,68.2,7.2,3861,18,13,189,35,40,2014,425,1765,4.2,12,83,19.5,213,82,10,0,83,19.5,1005,17,12,0,13,3,276,99
Titans,545,347,63.7,6.9,3773,28,12,211,38.7,39,2014,515,2195,4.3,17,119,23.1,227,94,11,5,119,23.1,1099,5,4,1,12,1,122,34
Bengals,608,365,60,6.4,3888,18,20,197,32.4,20,2014,439,1861,4.2,16,105,23.9,215,79,19,10,105,23.9,1067,7,6,0,20,1,161,31
Browns,587,335,57.1,6.1,3592,22,21,184,31.4,31,2014,500,2265,4.5,13,126,25.2,239,90,18,11,126,25.2,1118,15,8,1,21,2,333,62
Jets,538,345,64.1,7,3746,31,6,194,36.1,45,2014,393,1489,3.8,10,74,18.8,219,99,4,0,74,18.8,976,9,7,0,6,0,36,25
Chiefs,545,318,58.4,6,3252,22,6,184,33.8,46,2014,433,2036,4.7,4,108,24.9,216,79,21,8,108,24.9,1024,13,7,0,6,1,95,39
Niners,551,324,58.8,6.4,3531,29,23,188,34.1,36,2014,402,1612,4,7,83,20.6,203,88,14,7,83,20.6,989,10,6,1,23,2,315,73
Texans,619,363,58.6,6.3,3890,28,20,206,33.3,38,2014,420,1681,4,6,89,21.2,218,74,17,6,89,21.2,1077,17,14,1,20,4,483,80
Cowboys,558,371,66.5,7.2,4031,22,18,195,35,28,2014,392,1650,4.2,18,86,21.9,204,89,20,10,86,21.9,978,15,12,1,18,2,228,58
Seahawks,507,313,61.7,5.9,2970,17,13,175,34.5,37,2014,380,1304,3.4,8,70,18.4,202,75,14,8,70,18.4,924,18,10,0,13,2,319,53
Ravens,545,350,64.2,6.9,3737,30,6,189,34.7,37,2015,418,1661,4,10,80,19.1,216,86,9,4,80,19.1,1000,8,8,1,6,1,51,25
Saints,544,372,68.4,8.4,4544,45,9,223,41,31,2015,421,2071,4.9,12,103,24.5,176,71,13,10,103,24.5,996,18,13,1,9,0,87,24
Chargers,510,328,64.3,7.4,3786,22,11,170,33.3,32,2015,417,2005,4.8,17,101,24.2,195,74,8,7,101,24.2,959,11,9,0,11,1,152,68
Lions,528,360,68.2,7.2,3786,27,9,191,36.2,43,2015,428,1808,4.2,18,96,22.4,200,82,8,5,96,22.4,999,17,9,1,9,1,103,31
Patriots,596,361,60.6,6.5,3851,24,12,204,34.2,49,2015,397,1580,4,8,77,19.4,225,84,18,8,77,19.4,1042,22,9,2,12,0,176,51
Giants,638,423,66.3,7.5,4783,31,15,236,37,23,2015,444,1942,4.4,15,104,23.4,230,108,14,8,104,23.4,1105,18,12,2,15,2,206,63
Eagles,633,394,62.2,6.8,4273,36,15,239,37.8,37,2015,478,2153,4.5,10,100,20.9,231,99,9,6,100,20.9,1148,18,11,1,15,3,280,99
Falcons,561,370,66,6.9,3882,19,15,197,35.1,19,2015,416,1680,4,20,107,25.7,191,82,15,5,107,25.7,996,12,8,2,15,1,220,84
Texans,553,326,59,6.1,3366,24,14,173,31.3,45,2015,388,1597,4.1,10,79,20.4,214,61,12,7,79,20.4,986,12,11,1,14,2,180,50
Colts,585,354,60.5,7,4114,29,17,210,35.9,35,2015,452,1952,4.3,14,89,19.7,227,89,14,10,89,19.7,1072,13,8,1,17,4,196,69
Browns,511,322,63,7.8,4012,34,11,186,36.4,29,2015,458,2055,4.5,11,104,22.7,203,81,15,10,104,22.7,998,14,10,0,11,2,210,52
Jaguars,602,390,64.8,7.1,4291,29,9,222,36.9,36,2015,464,1709,3.7,15,102,22,227,105,12,6,102,22,1102,14,9,2,9,1,120,48
Broncos,573,344,60,5.6,3193,19,14,162,28.3,52,2015,408,1337,3.3,10,81,19.8,227,80,14,5,81,19.8,1033,22,12,1,14,4,321,74
Raiders,641,404,63,6.5,4140,25,14,206,32.1,38,2015,406,1678,4.1,12,94,23.2,224,84,17,9,94,23.2,1085,14,10,0,14,1,73,27
Jets,601,343,57.1,6.3,3763,25,18,185,30.8,39,2015,373,1335,3.6,4,62,16.6,232,77,23,13,62,16.6,1013,15,12,0,18,0,191,31
Steelers,625,402,64.3,7,4350,29,17,231,37,48,2015,382,1459,3.8,6,71,18.6,225,90,24,7,71,18.6,1055,16,13,0,17,2,282,70
Dolphins,542,350,64.6,7.4,4000,31,13,203,37.4,31,2015,502,2019,4,13,112,22.3,221,96,12,4,112,22.3,1075,8,3,0,13,3,184,42
Packers,551,321,58.3,6.6,3642,20,16,183,33.2,43,2015,420,1905,4.5,13,96,22.9,220,79,21,10,96,22.9,1014,12,6,0,16,2,198,45
Cardinals,573,343,59.9,6.4,3687,24,19,177,30.9,36,2015,373,1460,3.9,9,79,21.2,210,75,17,8,79,21.2,982,22,14,2,19,4,263,40
Redskins,566,354,62.5,7.3,4128,30,11,202,35.7,38,2015,406,1962,4.8,10,103,25.4,207,78,20,11,103,25.4,1010,22,15,1,11,1,181,44
Titans,502,319,63.6,7.3,3678,34,11,192,38.2,39,2015,462,1797,3.9,11,101,21.9,216,92,12,4,101,21.9,1003,11,8,1,11,1,164,45
Buccaneers,540,378,70,7.1,3840,31,11,208,38.5,38,2015,466,1606,3.4,12,104,22.3,211,97,6,4,104,22.3,1044,19,12,2,11,1,93,28
Cowboys,506,330,65.2,7.2,3632,19,8,172,34,31,2015,461,1934,4.2,16,113,24.5,208,81,10,5,113,24.5,998,6,3,0,8,1,62,24
Niners,549,375,68.3,7.6,4179,21,9,199,36.2,28,2015,504,2020,4,20,128,25.4,210,82,11,6,128,25.4,1081,5,3,0,9,1,125,45
Bears,512,322,62.9,7,3593,31,8,182,35.6,35,2015,433,1934,4.5,9,103,23.8,201,89,12,5,103,23.8,980,6,9,0,8,0,103,39
Bengals,646,415,64.2,6.2,3976,18,21,202,31.3,42,2015,344,1477,4.3,8,74,21.5,218,86,20,9,74,21.5,1032,10,7,0,21,1,202,37
Panthers,650,390,60,5.8,3752,21,24,198,30.5,44,2015,364,1415,3.9,11,74,20.3,227,86,26,15,74,20.3,1058,22,15,0,24,4,301,46
Seahawks,548,333,60.8,6.1,3364,14,14,175,31.9,37,2015,362,1304,3.6,10,71,19.6,195,67,7,1,71,19.6,947,18,8,3,14,0,205,54
Chiefs,607,349,57.5,6.1,3698,25,22,193,31.8,47,2015,383,1571,4.1,7,86,22.4,217,72,27,13,86,22.4,1037,13,6,2,22,4,477,90
Rams,597,399,66.8,6.8,4065,21,13,192,32.2,41,2015,453,1820,4,7,98,21.6,225,78,15,4,98,21.6,1091,20,12,2,13,1,182,58
Bills,602,347,57.6,6.6,3972,30,17,197,32.7,21,2015,394,1730,4.4,10,87,22.1,210,85,13,3,87,22.1,1017,9,8,1,17,2,253,44
Vikings,561,359,64,6.7,3759,24,13,189,33.7,43,2015,411,1748,4.2,7,94,22.9,206,71,22,11,94,22.9,1015,11,9,1,13,2,215,91
Ravens,578,369,63.8,6.4,3724,28,18,190,32.9,31,2016,384,1430,3.7,10,74,19.3,214,75,16,11,74,19.3,993,14,10,1,18,0,178,53
Saints,582,378,65,7.5,4380,27,9,230,39.5,30,2016,396,1626,4.1,19,91,23,194,84,10,4,91,23,1008,11,12,0,9,0,109,30
Cardinals,547,344,62.9,6.2,3365,21,14,175,32,48,2016,424,1518,3.6,16,90,21.2,219,85,15,7,90,21.2,1019,21,13,1,14,2,263,66
Jaguars,551,345,62.6,6.2,3444,20,7,174,31.6,33,2016,446,1703,3.8,17,93,20.8,224,83,13,6,93,20.8,1030,10,6,0,7,1,104,35
Packers,571,370,64.8,7.5,4308,32,17,227,39.8,40,2016,376,1515,4,11,80,21.3,199,82,18,12,80,21.3,987,9,8,0,17,0,209,44
Eagles,553,333,60.2,6.9,3832,25,16,177,32,34,2016,391,1652,4.2,10,89,22.8,205,82,18,8,89,22.8,978,15,10,0,16,3,207,64
Redskins,589,387,65.7,7,4130,22,13,225,38.2,38,2016,423,1916,4.5,19,109,25.8,208,97,16,9,109,25.8,1050,17,7,0,13,0,186,79
Giants,630,369,58.6,6.4,4018,15,17,191,30.3,35,2016,397,1417,3.6,10,82,20.6,238,84,14,7,82,20.6,1062,15,8,2,17,1,174,44
Raiders,541,328,60.6,7.6,4120,27,16,188,34.8,25,2016,421,1881,4.5,18,94,22.3,198,78,15,4,94,22.3,987,20,14,0,16,1,147,40
Steelers,590,381,64.6,6.6,3882,20,13,184,31.2,38,2016,369,1600,4.3,15,95,25.8,214,88,21,11,95,25.8,997,16,10,1,13,0,133,58
Lions,549,399,72.7,7.2,3975,33,10,206,37.5,26,2016,389,1701,4.4,8,99,25.4,198,90,8,3,99,25.4,964,8,4,0,10,1,96,39
Vikings,548,332,60.6,6.1,3327,22,14,186,33.9,41,2016,404,1711,4.2,9,87,21.5,206,80,14,3,87,21.5,993,13,13,2,14,2,253,100
Colts,582,378,65,7.2,4200,27,8,225,38.7,33,2016,409,1926,4.7,12,93,22.7,193,80,8,3,93,22.7,1024,15,9,1,8,0,100,56
Texans,522,319,61.1,6.2,3226,20,11,157,30.1,31,2016,397,1595,4,13,87,21.9,213,82,13,3,87,21.9,950,7,6,0,11,1,132,42
Chargers,580,364,62.8,6.9,3987,21,18,204,35.2,35,2016,410,1567,3.8,20,98,23.9,208,83,16,11,98,23.9,1025,14,10,2,18,3,292,90
Buccaneers,548,347,63.3,7.3,4012,24,17,203,37,38,2016,427,1875,4.4,15,102,23.9,195,67,10,8,102,23.9,1013,16,12,0,17,4,234,53
Broncos,552,306,55.4,5.4,2972,13,14,169,30.6,42,2016,482,2085,4.3,15,101,21,236,86,16,6,101,21,1076,16,13,1,14,3,367,51
Browns,543,347,63.9,7.4,3996,36,10,220,40.5,26,2016,498,2283,4.6,18,121,24.3,206,93,12,9,121,24.3,1067,6,3,0,10,1,146,67
Seahawks,537,331,61.6,6.7,3612,16,11,180,33.5,42,2016,441,1487,3.4,16,94,21.3,212,82,20,6,94,21.3,1020,16,8,1,11,0,72,31
Panthers,612,409,66.8,7,4291,27,17,223,36.4,47,2016,376,1465,3.9,11,90,23.9,211,80,13,9,90,23.9,1035,18,10,2,17,1,204,37
Bengals,593,374,63.1,6.4,3800,22,17,196,33,33,2016,412,1812,4.4,12,95,23.1,217,86,19,9,95,23.1,1038,6,3,0,17,0,138,47
Bears,530,342,64.5,6.8,3598,22,8,188,35.5,37,2016,445,1950,4.4,18,99,22.2,210,85,14,10,99,22.2,1012,11,3,1,8,1,73,25
Patriots,596,368,61.7,6.4,3806,21,13,190,31.9,34,2016,368,1417,3.8,6,81,22,206,76,18,7,81,22,998,16,9,0,13,0,109,46
Jets,545,347,63.7,7.2,3898,30,8,203,37.2,27,2016,428,1581,3.7,11,86,20.1,210,84,10,2,86,20.1,1000,14,4,0,8,0,141,51
Chiefs,598,350,58.5,6.6,3958,23,18,209,35,28,2016,437,1938,4.4,10,102,23.3,222,96,20,10,102,23.3,1063,16,15,1,18,4,271,55
Falcons,655,422,64.4,6.5,4267,31,12,232,35.4,34,2016,370,1672,4.5,15,95,25.7,213,89,25,18,95,25.7,1059,17,10,2,12,3,279,90
Rams,582,378,65,6.4,3732,32,10,194,33.3,31,2016,424,1660,3.9,12,91,21.5,220,82,14,12,91,21.5,1037,12,8,1,10,0,71,29
Titans,635,388,61.1,6.8,4307,25,12,227,35.8,40,2016,356,1413,4,10,70,19.7,210,77,22,12,70,19.7,1031,4,6,1,12,0,68,33
49ers,521,322,61.8,7.4,3848,30,10,187,35.9,33,2016,548,2654,4.8,25,140,25.6,226,102,7,4,140,25.6,1102,15,10,0,10,0,96,39
Cowboys,633,425,67.1,6.6,4167,25,9,226,35.7,36,2016,340,1336,3.9,9,79,23.2,197,77,14,9,79,23.2,1009,18,11,0,9,0,75,27
Dolphins,591,368,62.3,6.6,3875,30,16,199,33.7,33,2016,464,2247,4.8,12,109,23.5,213,77,16,9,109,23.5,1088,16,9,0,16,1,186,60
Bills,511,306,59.9,7,3582,19,12,183,35.8,39,2016,468,2130,4.6,21,122,26.1,205,82,14,4,122,26.1,1017,11,6,2,12,1,207,49
Giants,561,347,61.8,7.2,4038,32,13,189,33.7,27,2017,464,1933,4.2,10,101,21.8,222,88,17,5,101,21.8,1052,12,6,0,13,2,161,53
49ers,544,344,63.2,6.9,3764,27,10,198,36.4,30,2017,491,1861,3.8,13,108,22,221,95,12,10,108,22,1065,17,10,0,10,1,185,50
Buccaneers,549,371,67.6,7.6,4169,22,13,202,36.8,22,2017,440,1880,4.3,17,102,23.2,216,104,9,2,102,23.2,1011,18,13,3,13,1,218,47
Dolphins,528,339,64.2,6.8,3603,26,9,190,36,30,2017,431,1768,4.1,14,88,20.4,203,75,8,2,88,20.4,989,9,6,2,9,1,99,30
Cardinals,564,343,60.8,6.3,3541,24,15,187,33.2,37,2017,406,1434,3.5,12,68,16.8,224,80,16,7,68,16.8,1007,17,6,1,15,1,258,82
Steelers,499,297,59.5,6.4,3217,20,16,157,31.5,56,2017,385,1693,4.4,14,89,23.1,199,72,19,6,89,23.1,940,12,6,0,16,0,184,41
Patriots,590,367,62.2,6.8,4020,24,12,204,34.6,42,2017,390,1836,4.7,6,98,25.1,208,82,23,10,98,25.1,1022,9,5,0,12,0,114,39
Chargers,524,329,62.8,6,3156,17,18,153,29.2,43,2017,430,2098,4.9,11,99,23,221,86,20,6,99,23,997,13,9,1,18,2,302,90
Browns,525,360,68.6,7,3684,28,7,189,36,34,2017,467,1566,3.4,14,95,20.3,224,91,10,5,95,20.3,1026,14,6,0,7,1,97,56
Lions,570,366,64.2,6.8,3892,21,19,205,36,35,2017,432,1800,4.2,18,110,25.5,194,74,15,8,110,25.5,1037,16,13,2,19,3,253,37
Ravens,569,333,58.5,6,3421,18,22,179,31.5,41,2017,435,1780,4.1,12,87,20,222,82,16,6,87,20,1045,16,12,2,22,3,385,63
Broncos,491,294,59.9,6.5,3210,29,10,166,33.8,33,2017,428,1430,3.3,9,68,15.9,209,66,21,7,68,15.9,952,8,7,2,10,2,237,103
Eagles,601,363,60.4,6,3637,24,19,177,29.4,38,2017,337,1267,3.8,7,62,18.4,205,66,18,4,62,18.4,976,14,10,4,19,1,278,59
Packers,513,348,67.8,7.4,3789,30,11,211,41.1,37,2017,464,1793,3.9,10,95,20.5,208,89,10,8,95,20.5,1014,10,10,1,11,1,54,21
Raiders,530,361,68.1,7.3,3858,24,5,187,35.3,31,2017,433,1743,4,11,93,21.5,215,88,10,7,93,21.5,994,12,9,0,5,0,10,8
Seahawks,554,325,58.7,6,3347,19,14,181,32.7,39,2017,452,1824,4,14,90,19.9,222,85,15,7,90,19.9,1045,13,9,1,14,3,212,78
Chiefs,570,325,57,6.9,3952,23,16,204,35.8,31,2017,443,1890,4.3,15,112,25.3,207,83,17,9,112,25.3,1044,12,10,3,16,0,201,62
Redskins,531,306,57.6,6.4,3420,23,16,171,32.2,42,2017,472,2146,4.6,13,105,22.2,226,83,15,9,105,22.2,1045,12,7,0,16,2,194,96
Saints,554,329,59.4,6.5,3597,22,20,172,31,42,2017,406,1787,4.4,11,92,22.7,212,87,12,4,92,22.7,1002,17,5,1,20,2,192,33
Falcons,553,362,65.5,6.2,3429,22,8,197,35.6,39,2017,402,1665,4.1,9,97,24.1,196,75,19,13,97,24.1,994,12,8,2,8,0,108,43
Jaguars,509,289,56.8,5.3,2718,17,21,143,28.1,55,2017,429,1860,4.3,9,91,21.2,220,74,13,6,91,21.2,993,17,12,5,21,2,294,67
Vikings,555,324,58.4,5.6,3078,13,14,168,30.3,37,2017,364,1337,3.7,10,59,16.2,202,51,23,9,59,16.2,956,8,5,0,14,1,200,36
Texans,501,321,64.1,7.6,3799,30,11,176,35.1,32,2017,440,1747,4,14,88,20,201,71,8,5,88,20,973,13,5,2,11,2,144,82
Rams,555,324,58.4,6.3,3475,21,18,181,32.6,48,2017,417,1957,4.7,15,86,20.6,227,86,15,9,86,20.6,1020,17,10,0,18,3,401,69
Bengals,561,336,59.9,6,3379,20,11,173,30.8,41,2017,489,2046,4.2,13,111,22.7,241,98,19,9,111,22.7,1091,4,2,0,11,3,339,101
Jets,558,329,59,6.7,3749,30,11,191,34.2,28,2017,466,1887,4,13,88,18.9,221,82,11,5,88,18.9,1052,9,9,0,11,0,151,48
Panthers,550,351,63.8,6.7,3665,25,10,187,34,50,2017,353,1409,4,7,69,19.6,206,78,20,7,69,19.6,953,15,11,1,10,0,78,40
Titans,605,369,61,6.3,3828,27,12,231,38.2,43,2017,398,1420,3.6,5,68,17.1,214,78,16,10,68,17.1,1046,11,9,1,12,0,154,33
Cowboys,559,371,66.4,6.1,3425,28,10,181,32.4,38,2017,403,1664,4.1,7,96,23.8,210,90,13,4,96,23.8,1000,20,10,0,10,1,98,25
Colts,513,320,62.4,7.7,3946,23,13,192,37.4,25,2017,488,1927,4,15,99,20.3,217,97,14,7,99,20.3,1026,11,7,0,13,1,215,33
Bills,573,370,64.6,6.4,3688,14,18,199,34.7,27,2017,466,1994,4.3,22,121,26,214,82,20,11,121,26,1066,16,7,2,18,1,275,63
Bears,529,343,64.8,6.4,3376,18,8,180,34,42,2017,432,1730,4,10,85,19.7,219,86,11,6,85,19.7,1003,14,14,1,8,2,253,90
Steelers,566,362,64,6.5,3697,27,8,200,35.3,52,2018,369,1538,4.2,13,84,22.8,197,72,13,7,84,22.8,987,13,7,1,8,2,89,35
Colts,542,384,70.8,7,3805,21,15,203,37.4,38,2018,415,1626,3.9,12,87,21,200,82,15,7,87,21,995,15,11,0,15,0,220,47
Packers,527,336,63.8,7.1,3752,30,7,199,37.8,44,2018,446,1918,4.3,15,100,22.4,212,79,18,12,100,22.4,1017,10,8,0,7,1,100,27
Buccaneers,534,387,72.5,7.8,4151,34,9,209,39.1,38,2018,426,1983,4.6,19,122,28.6,181,73,14,7,122,28.6,998,12,8,1,9,0,97,50
Falcons,585,398,68,7.1,4153,33,15,226,38.6,37,2018,409,1999,4.9,16,115,28.1,195,95,13,10,115,28.1,1031,8,4,1,15,1,151,41
Vikings,503,315,62.6,6.2,3140,15,12,160,31.8,50,2018,440,1815,4.1,13,107,24.3,190,58,19,9,107,24.3,993,8,8,2,12,1,159,52
Eagles,626,417,66.6,6.9,4308,22,10,215,34.4,44,2018,332,1551,4.7,14,71,21.4,201,71,19,11,71,21.4,1002,12,7,0,10,0,139,29
Broncos,549,353,64.3,7.2,3929,26,17,197,35.9,44,2018,429,1913,4.5,11,85,19.8,211,82,11,6,85,19.8,1022,13,10,0,17,2,158,53
Chiefs,632,406,64.2,6.9,4374,30,15,247,39.1,52,2018,425,2114,5,19,129,30.4,193,80,27,18,129,30.4,1109,23,12,1,15,3,280,67
Giants,560,362,64.6,7.2,4044,24,16,205,36.6,30,2018,444,1898,4.3,18,103,23.2,206,87,17,14,103,23.2,1034,11,5,0,16,3,191,46
Browns,626,393,62.8,6.6,4125,21,17,216,34.5,37,2018,459,2163,4.7,20,130,28.3,210,75,20,13,130,28.3,1122,18,14,0,17,0,100,50
Lions,496,323,65.1,7.3,3599,29,7,191,38.5,43,2018,403,1761,4.4,11,88,21.8,186,69,17,9,88,21.8,942,10,7,0,7,2,148,67
Patriots,605,370,61.2,6.5,3943,29,18,208,34.4,30,2018,367,1803,4.9,7,93,25.3,197,76,16,6,93,25.3,1002,14,10,1,18,1,156,84
Rams,533,347,65.1,7.1,3780,31,18,185,34.7,41,2018,386,1957,5.1,12,101,26.2,188,70,15,9,101,26.2,960,13,12,1,18,3,290,50
Panthers,529,353,66.7,7.3,3847,32,13,185,35,35,2018,384,1804,4.7,13,110,28.6,183,73,17,10,110,28.6,948,13,9,1,13,0,86,39
Ravens,577,337,58.4,5.8,3360,21,12,174,30.2,43,2018,354,1327,3.8,11,82,23.2,211,72,20,10,82,23.2,974,9,5,3,12,0,99,33
Raiders,480,299,62.3,8,3853,36,14,178,37.1,13,2018,480,2249,4.7,16,108,22.5,201,93,12,8,108,22.5,973,5,3,0,14,1,124,36
Bengals,584,389,66.6,7.6,4414,32,12,221,37.8,34,2018,466,2204,4.7,17,125,26.8,223,109,17,11,125,26.8,1084,10,6,2,12,3,222,58
Jaguars,499,312,62.5,6.2,3113,17,11,162,32.5,37,2018,434,1870,4.3,16,89,20.5,212,80,12,3,89,20.5,970,7,6,0,11,2,117,33
49ers,542,344,63.5,6.9,3732,35,2,195,36,37,2018,444,1814,4.1,13,104,23.4,216,87,17,10,104,23.4,1023,11,5,0,2,1,55,32
Cowboys,542,367,67.7,6.9,3755,22,9,193,35.6,39,2018,400,1513,3.8,12,89,22.2,201,85,14,6,89,22.2,981,14,11,1,9,0,141,49
Jets,582,367,63.1,7,4065,29,13,201,34.5,39,2018,440,2021,4.6,16,104,23.6,213,72,14,9,104,23.6,1061,13,7,0,13,3,318,104
Saints,573,384,67,7.5,4302,30,12,224,39.1,49,2018,356,1283,3.6,12,72,20.2,189,78,29,14,72,20.2,978,19,12,0,12,1,259,78
Bears,615,377,61.3,5.7,3515,22,27,186,30.2,50,2018,339,1280,3.8,5,67,19.8,219,75,28,16,67,19.8,1004,18,9,1,27,5,330,49
Chargers,548,351,64,6.6,3646,23,13,178,32.5,38,2018,395,1693,4.3,11,101,25.6,202,79,20,11,101,25.6,981,7,7,1,13,1,247,86
Redskins,537,362,67.4,7.1,3794,27,15,197,36.7,46,2018,413,1860,4.5,12,109,26.4,196,86,13,5,109,26.4,996,19,11,1,15,0,203,40
Texans,594,385,64.8,7,4167,28,15,200,33.7,43,2018,385,1323,3.4,8,76,19.7,227,91,20,12,76,19.7,1022,20,14,1,15,3,252,101
Bills,492,313,63.6,5.8,2867,22,16,157,31.9,36,2018,440,1839,4.2,17,111,25.2,203,74,11,6,111,25.2,968,21,11,0,16,0,133,37
Cardinals,506,342,67.6,6.4,3262,21,7,186,36.8,49,2018,510,2479,4.9,25,139,27.2,205,78,13,8,139,27.2,1065,13,8,2,7,0,55,25
Dolphins,508,335,65.9,7.7,3932,31,21,195,38.4,31,2018,485,2325,4.8,17,116,23.9,196,84,15,6,116,23.9,1024,11,7,0,21,3,321,54
Titans,533,337,63.2,6.5,3471,21,11,182,34.2,39,2018,429,1863,4.3,9,98,22.8,205,75,20,11,98,22.8,1001,12,6,0,11,2,120,56
Seahawks,546,355,65,7,3842,26,12,201,36.8,43,2018,366,1811,5,9,91,24.9,183,64,13,6,91,24.9,955,18,14,1,12,1,196,98
Falcons,536,351,65.5,7.3,3918,28,12,192,35.8,28,2019,421,1775,4.2,13,108,25.6,193,77,20,12,108,25.6,985,17,8,1,12,1,130,27
Panthers,544,347,63.8,6.8,3696,21,14,197,36.2,53,2019,445,2296,5.2,31,128,28.8,193,77,9,6,128,28.8,1042,8,7,1,14,0,141,37
Rams,562,348,61.9,6.4,3625,23,13,194,34.5,50,2019,444,1809,4.1,15,100,22.5,218,86,24,14,100,22.5,1056,15,11,2,13,2,137,32
Buccaneers,664,408,61.4,6.5,4322,30,12,222,33.4,47,2019,362,1181,3.3,11,70,19.3,218,75,27,13,70,19.3,1073,21,15,4,12,2,201,70
Patriots,536,303,56.5,5.4,2886,13,25,150,28,47,2019,365,1528,4.2,7,72,19.7,195,47,22,8,72,19.7,948,15,11,2,25,3,353,69
Bengals,499,308,61.7,7.8,3917,25,11,183,36.7,31,2019,504,2382,4.7,17,124,24.6,209,89,10,5,124,24.6,1034,9,5,0,11,0,181,34
Dolphins,545,344,63.1,7.7,4198,39,13,214,39.3,23,2019,485,2166,4.5,15,113,23.3,194,81,13,8,113,23.3,1053,9,3,0,13,1,190,35
Eagles,571,348,61,6.8,3865,27,11,185,32.4,43,2019,353,1442,4.1,13,76,21.5,205,70,18,11,76,21.5,967,15,9,2,11,1,159,51
Giants,556,369,66.4,7.6,4225,30,10,211,38,36,2019,469,1812,3.9,19,100,21.3,216,86,14,8,100,21.3,1061,9,6,1,10,1,171,62
Cowboys,569,370,65,6.3,3576,21,7,188,33,39,2019,407,1656,4.1,14,101,24.8,201,67,22,10,101,24.8,1015,14,10,1,7,0,83,29
Chargers,464,328,70.7,6.9,3204,21,11,156,33.6,30,2019,429,1805,4.2,15,101,23.5,195,88,13,8,101,23.5,923,6,3,0,11,0,74,37
Jaguars,517,327,63.2,7.3,3778,22,10,193,37.3,47,2019,435,2229,5.1,23,114,26.2,190,79,11,5,114,26.2,999,13,8,1,10,1,132,35
Saints,603,371,61.5,6.4,3868,27,13,197,32.7,51,2019,345,1461,4.2,12,71,20.6,210,73,25,11,71,20.6,999,11,10,1,13,2,140,55
Bears,571,362,63.4,6.2,3554,17,10,190,33.3,32,2019,414,1632,3.9,16,86,20.8,209,76,23,13,86,20.8,1017,12,9,0,10,1,157,59
Chiefs,582,352,60.5,6.1,3543,21,16,190,32.6,45,2019,416,2051,4.9,14,115,27.6,202,75,31,16,115,27.6,1043,13,7,2,16,1,141,46
Packers,546,326,59.7,6.8,3721,19,17,191,35,41,2019,411,1921,4.7,15,99,24.1,197,75,18,8,99,24.1,998,12,7,0,17,0,177,39
Lions,611,381,62.4,7.4,4551,33,7,232,38,28,2019,455,1855,4.1,13,94,20.7,214,94,15,7,94,20.7,1094,16,11,1,7,0,76,55
Cardinals,601,421,70,7.5,4510,38,7,243,40.4,40,2019,439,1922,4.4,9,94,21.4,214,100,14,3,94,21.4,1080,19,10,0,7,0,82,48
Browns,513,318,62,6.8,3470,25,14,184,35.9,38,2019,463,2315,5,19,124,26.8,195,74,17,6,124,26.8,1014,12,6,0,14,1,219,61
Texans,586,375,64,7.3,4276,33,12,220,37.5,31,2019,403,1937,4.8,12,98,24.3,202,98,16,7,98,24.3,1020,14,10,0,12,2,302,86
Raiders,526,337,64.1,7.8,4107,33,9,201,38.2,32,2019,405,1570,3.9,15,91,22.5,190,81,13,9,91,22.5,963,9,6,0,9,2,214,59
Jets,585,363,62,6.5,3779,25,12,187,32,35,2019,417,1391,3.3,12,75,18,225,88,12,3,75,18,1037,10,8,2,12,3,138,61
Seahawks,598,383,64,7.1,4223,19,16,224,37.5,28,2019,388,1883,4.8,22,97,25,185,71,12,7,97,25,1014,19,16,1,16,2,161,55
Bills,553,348,62.9,5.6,3123,15,14,169,30.6,44,2019,388,1649,4.2,12,93,24,212,76,21,8,93,24,985,16,9,0,14,0,59,49
Colts,562,394,70.1,7.1,3982,29,15,207,36.8,41,2019,383,1567,4.1,8,93,24.3,199,85,19,8,93,24.3,986,14,8,0,15,1,167,80
Steelers,514,314,61.1,6.1,3113,23,20,164,31.9,54,2019,462,1753,3.8,7,110,23.8,209,76,21,10,110,23.8,1030,22,18,2,20,1,235,96
Broncos,537,348,64.8,6.7,3609,19,10,175,32.6,40,2019,426,1783,4.2,9,96,22.5,211,79,19,9,96,22.5,1003,9,6,1,10,0,87,24
Redskins,540,371,68.7,7.1,3823,35,13,200,37,46,2019,493,2339,4.7,14,120,24.3,227,111,19,12,120,24.3,1079,16,9,0,13,0,106,33
49ers,519,318,61.3,5.2,2707,23,12,150,28.9,48,2019,401,1802,4.5,11,105,26.2,192,64,25,8,105,26.2,968,23,15,2,12,3,286,49
Vikings,601,394,65.6,6.2,3737,23,17,215,35.8,48,2019,404,1728,4.3,8,78,19.3,214,85,29,16,78,19.3,1053,19,14,1,17,1,95,21
Titans,598,386,64.6,6.8,4080,25,14,213,35.6,43,2019,415,1672,4,14,95,22.9,204,74,25,10,95,22.9,1056,11,9,2,14,1,158,38
Ravens,544,318,58.5,6.1,3315,15,13,163,30,37,2019,340,1494,4.4,12,74,21.8,194,72,18,6,74,21.8,921,15,12,4,13,2,259,89
Steelers,526,298,56.6,5.9,3110,22,18,163,31,56,2020,414,1783,4.3,13,94,22.7,222,83,20,5,94,22.7,996,13,8,0,18,3,169,37
Cowboys,513,328,63.9,7.1,3642,34,10,180,35.1,31,2020,510,2541,5,20,142,27.8,209,98,21,10,142,27.8,1054,16,12,2,10,0,108,43
Chiefs,557,349,62.7,6.8,3779,29,16,202,36.3,32,2020,433,1954,4.5,14,113,26.1,188,77,20,13,113,26.1,1022,13,5,0,16,2,259,50
Falcons,625,425,68,7.5,4697,34,12,239,38.2,29,2020,380,1677,4.4,15,97,25.5,195,80,23,10,97,25.5,1034,17,9,0,12,1,204,67
Chargers,543,340,62.6,6.6,3578,29,12,186,34.2,27,2020,427,1917,4.5,17,112,26.2,204,89,15,10,112,26.2,997,6,7,0,12,2,217,78
Buccaneers,617,426,69,6.4,3945,29,15,215,34.8,48,2020,358,1289,3.6,10,78,21.8,205,82,25,14,78,21.8,1023,15,10,0,15,1,171,37
Jaguars,533,370,69.4,7.9,4231,34,12,210,39.4,18,2020,517,2452,4.7,23,140,27.1,198,86,18,12,140,27.1,1068,12,5,0,12,1,200,53
Bears,547,350,64,6.8,3705,28,10,190,34.7,35,2020,438,1814,4.1,11,104,23.7,210,80,22,13,104,23.7,1020,15,8,1,10,0,81,33
Football Team,529,330,62.4,5.8,3068,21,16,161,30.4,47,2020,428,1805,4.2,14,100,23.4,216,81,24,9,100,23.4,1004,14,7,1,16,2,136,76
Eagles,530,364,68.7,7.2,3798,27,8,209,39.4,49,2020,481,2012,4.2,20,98,20.4,211,80,18,7,98,20.4,1060,14,10,1,8,1,101,30
Bills,573,369,64.4,6.5,3726,23,15,199,34.7,38,2020,414,1914,4.6,21,125,30.2,191,76,19,11,125,30.2,1025,15,10,1,15,2,184,51
Rams,548,347,63.3,5.6,3051,17,14,170,31,53,2020,388,1460,3.8,12,91,23.4,209,74,21,9,91,23.4,989,12,8,1,14,3,266,84
Lions,557,383,68.8,8.2,4558,38,7,253,45.4,24,2020,487,2158,4.4,27,127,26.1,193,91,18,11,127,26.1,1073,15,5,0,7,0,65,36
Bengals,541,340,62.8,7.1,3859,32,11,192,35.5,17,2020,463,2368,5.1,13,126,27.2,210,91,16,10,126,27.2,1021,10,6,0,11,0,84,30
Cardinals,570,365,64,6.4,3623,26,11,207,36.3,48,2020,436,2008,4.6,13,118,27.1,202,80,21,14,118,27.1,1054,15,10,0,11,0,129,90
49ers,537,341,63.5,6.2,3327,25,12,176,32.8,30,2020,430,1703,4,12,102,23.7,200,71,20,13,102,23.7,997,13,8,0,12,1,123,51
Seahawks,674,450,66.8,6.8,4560,23,14,253,37.5,46,2020,392,1529,3.9,18,97,24.7,223,105,23,10,97,24.7,1112,14,8,0,14,0,106,32
Dolphins,545,343,62.9,7.4,4024,21,18,193,35.4,41,2020,412,1862,4.5,17,113,27.4,186,58,26,12,113,27.4,998,16,10,2,18,0,146,29
Broncos,567,374,66,6.7,3807,21,10,201,35.4,42,2020,434,2080,4.8,22,106,24.4,219,88,14,7,106,24.4,1043,12,6,0,10,0,130,46
Colts,562,369,65.7,6.9,3866,24,15,203,36.1,40,2020,390,1448,3.7,16,94,24.1,203,86,14,6,94,24.1,992,14,10,0,15,4,266,50
Raiders,580,370,63.8,7.3,4212,28,10,223,38.4,21,2020,438,2013,4.6,24,114,26,205,100,17,14,114,26,1039,8,5,0,10,0,156,47
Panthers,585,398,68,6.5,3825,28,7,211,36.1,29,2020,408,1936,4.8,17,114,27.9,199,98,10,6,114,27.9,1022,14,15,3,7,0,110,66
Texans,541,377,69.7,7.6,4104,30,3,222,41,34,2020,493,2564,5.2,24,145,29.4,202,96,21,11,145,29.4,1068,9,6,0,3,1,19,19
Packers,536,346,64.6,6.6,3539,23,11,184,34.3,41,2020,397,1805,4.6,16,119,30,185,73,24,14,119,30,974,12,7,1,11,1,98,24
Saints,557,333,59.8,6.2,3472,28,18,185,33.2,45,2020,390,1502,3.8,11,85,21.8,207,79,30,16,85,21.8,992,7,8,0,18,1,196,48
Giants,574,388,67.6,6.6,3807,22,11,215,37.5,40,2020,432,1782,4.1,14,115,26.6,204,91,18,11,115,26.6,1046,14,11,1,11,1,101,46
Vikings,541,358,66.2,7.6,4141,30,15,208,38.4,23,2020,472,2151,4.6,19,136,28.8,185,73,24,17,136,28.8,1031,11,7,0,15,0,65,16
Browns,585,371,63.4,6.8,3962,31,11,214,36.6,38,2020,412,1773,4.3,16,116,28.2,205,90,27,22,116,28.2,1035,17,10,0,11,2,214,50
Jets,605,418,69.1,7.3,4409,34,10,235,38.8,31,2020,445,1792,4,16,100,22.5,202,90,12,5,100,22.5,1081,17,8,0,10,1,134,35
Titans,630,423,67.1,7,4439,36,15,247,39.2,19,2020,427,1933,4.5,18,113,26.5,214,111,26,15,113,26.5,1076,12,8,1,15,0,189,68
Patriots,494,333,67.4,7.2,3557,22,18,187,37.8,24,2020,464,2103,4.5,17,131,28.2,186,76,16,9,131,28.2,982,5,4,1,18,1,162,43
Ravens,596,380,63.8,5.9,3536,22,10,213,35.7,39,2020,382,1740,4.6,12,96,25.1,191,65,35,16,96,25.1,1017,25,11,3,10,0,78,25
Buccaneers,680,445,65.4,6,4062,26,17,214,31.5,47,2021,366,1573,4.3,11,94,25.7,226,87,28,13,94,25.7,1093,16,12,0,17,2,177,31
Chiefs,610,401,65.7,7,4273,27,15,209,34.3,31,2021,419,1999,4.8,15,121,28.9,199,80,31,19,121,28.9,1060,18,13,2,15,2,160,75
Chargers,559,357,63.9,6.7,3761,27,11,199,35.6,35,2021,509,2361,4.6,22,144,28.3,216,107,22,7,144,28.3,1103,19,10,1,11,0,70,26
Steelers,563,355,63.1,6.5,3656,24,13,186,33,55,2021,498,2483,5,17,144,28.9,232,86,24,13,144,28.9,1116,18,8,0,13,0,105,41
Bills,530,297,56,5.2,2771,12,19,138,26,42,2021,442,1866,4.2,19,108,24.4,214,66,35,16,108,24.4,1014,12,11,0,19,1,238,26
Cowboys,612,364,59.5,6.6,4049,24,26,191,31.2,41,2021,429,1918,4.5,13,99,23.1,223,76,26,16,99,23.1,1082,13,8,1,26,5,405,66
Raiders,606,400,66,6.2,3789,29,6,202,33.3,35,2021,462,1943,4.2,18,109,23.6,230,91,29,21,109,23.6,1103,13,9,0,6,0,68,35
Dolphins,608,373,61.4,6.4,3871,23,14,199,32.7,48,2021,425,1867,4.4,16,106,24.9,231,95,18,11,106,24.9,1081,14,12,2,14,3,175,85
Ravens,621,397,63.9,7.6,4742,31,9,232,37.4,34,2021,378,1436,3.8,13,81,21.4,201,70,18,11,81,21.4,1033,8,6,0,9,1,38,21
Rams,625,416,66.6,6.6,4109,17,19,214,34.2,50,2021,443,1754,4,18,111,25.1,223,92,32,17,111,25.1,1118,15,6,0,19,0,192,34
Jaguars,543,377,69.4,7.1,3875,24,7,198,36.5,32,2021,493,2127,4.3,22,124,25.2,221,95,21,14,124,25.2,1068,9,2,0,7,0,57,23
Vikings,626,401,64.1,6.9,4300,29,16,224,35.8,51,2021,475,2222,4.7,15,131,27.6,214,78,30,15,131,27.6,1152,13,8,0,16,2,256,66
Jets,587,401,68.3,7.5,4409,28,7,234,39.9,33,2021,525,2351,4.5,28,129,24.6,223,99,21,13,129,24.6,1145,13,7,0,7,1,114,32
Panthers,515,337,65.4,6.3,3266,26,9,170,33,39,2021,474,1935,4.1,16,112,23.6,217,82,21,12,112,23.6,1028,14,7,0,9,0,103,29
Lions,544,359,66,7.6,4160,31,11,211,38.8,30,2021,518,2296,4.4,19,135,26.1,204,92,14,9,135,26.1,1092,10,8,0,11,0,108,50
Packers,603,379,62.8,6.2,3724,31,18,194,32.2,39,2021,395,1855,4.7,13,120,30.4,203,87,33,15,120,30.4,1037,10,8,0,18,2,164,55
Giants,611,402,65.8,6.3,3839,27,15,216,35.4,34,2021,492,2193,4.5,15,126,25.6,226,90,23,15,126,25.6,1137,12,7,0,15,1,135,41
Cardinals,561,367,65.4,6.5,3645,30,13,192,34.2,41,2021,426,1952,4.6,10,109,25.6,207,79,30,14,109,25.6,1028,21,14,1,13,1,247,77
Falcons,577,391,67.8,6.8,3952,31,12,214,37.1,18,2021,519,2242,4.3,19,143,27.6,217,105,22,11,143,27.6,1114,14,8,0,12,2,202,66
Bengals,626,420,67.1,6.7,4222,26,13,213,34,42,2021,407,1742,4.3,15,107,26.3,221,92,18,7,107,26.3,1075,17,8,1,13,1,266,65
Football Team,597,400,67,7.3,4333,34,11,220,36.8,38,2021,430,1775,4.1,14,101,23.5,229,111,20,12,101,23.5,1065,9,7,0,11,2,120,31
Texans,546,363,66.5,7.5,4117,27,17,218,39.9,32,2021,523,2418,4.6,25,135,25.8,206,89,19,11,135,25.8,1101,16,7,0,17,1,295,82
Bears,477,314,65.8,6.8,3257,31,8,170,35.6,49,2021,483,2127,4.4,14,116,24,211,81,24,12,116,24,1009,14,8,1,8,1,135,53
Broncos,562,341,60.7,6.5,3652,22,13,192,34.2,36,2021,441,1892,4.3,9,99,22.4,225,101,26,11,99,22.4,1039,6,6,0,13,1,221,70
Titans,628,395,62.9,6.6,4169,24,16,204,32.5,43,2021,368,1438,3.9,14,90,24.5,210,77,24,14,90,24.5,1039,13,6,1,16,2,128,24
Patriots,538,319,59.3,5.9,3181,21,23,176,32.7,36,2021,464,2103,4.5,9,111,23.9,211,77,32,17,111,23.9,1038,11,6,0,23,3,322,88
Colts,597,390,65.3,6.7,3980,32,19,213,35.7,33,2021,420,1854,4.4,10,101,24,210,85,21,12,101,24,1050,18,14,1,19,0,175,32
Browns,576,367,63.7,6,3439,29,13,184,31.9,43,2021,437,1857,4.2,13,108,24.7,219,86,25,16,108,24.7,1056,12,6,1,13,1,148,99
49ers,545,372,68.3,6.4,3510,25,9,180,33,48,2021,439,1760,4,17,97,22.1,220,88,25,11,97,22.1,1043,22,11,0,9,2,136,40
Saints,592,369,62.3,6.4,3821,20,18,185,31.2,46,2021,426,1589,3.7,12,84,19.7,240,89,21,9,84,19.7,1064,13,7,0,18,2,313,53
Seahawks,658,443,67.3,6.9,4513,24,11,240,36.5,34,2021,509,1932,3.8,16,124,24.4,224,88,31,13,124,24.4,1201,9,7,0,11,0,92,29
Eagles,589,409,69.4,6.4,3756,28,12,208,35.3,29,2021,458,1834,4,18,115,25.1,217,93,29,14,115,25.1,1065,13,4,3,12,2,142,51
Buccaneers,570,364,63.9,6.6,3792,29,10,186,32.6,45,2022,458,2052,4.5,12,103,22.5,236,87,24,14,103,22.5,1073,12,10,0,10,1,140,68
Chargers,505,310,61.4,7.3,3693,24,14,175,34.6,40,2022,457,2478,5.4,17,119,26,199,78,15,6,119,26,1002,15,10,0,14,1,166,30
Vikings,617,408,66.1,7.7,4756,23,15,224,36.3,38,2022,463,2093,4.5,18,113,24.4,215,82,29,11,113,24.4,1118,11,10,1,15,0,186,39
Cardinals,593,414,69.8,7,4181,29,11,218,36.8,36,2022,446,2016,4.5,21,124,27.8,203,87,16,8,124,27.8,1075,12,9,2,11,3,246,56
Chiefs,619,408,65.9,6.7,4144,33,11,207,33.4,55,2022,419,1823,4.4,10,102,24.3,222,85,35,20,102,24.3,1093,12,9,0,11,2,225,99
Jets,556,347,62.4,6.3,3526,15,12,166,29.9,45,2022,492,2068,4.2,14,117,23.8,244,93,26,11,117,23.8,1093,11,4,0,12,0,69,27
Bengals,559,329,58.9,6.8,3828,17,13,173,31,30,2022,407,1706,4.2,12,102,25.1,212,84,23,9,102,25.1,996,14,10,1,13,0,133,46
Colts,537,365,68,7.1,3836,25,10,184,34.3,44,2022,511,2109,4.1,20,127,24.8,224,85,25,13,127,24.8,1092,14,11,0,10,2,141,35
Jaguars,601,385,64.1,7.1,4258,25,14,211,35.1,35,2022,470,1951,4.2,14,114,24.3,220,95,31,10,114,24.3,1106,17,13,2,14,2,232,59
Lions,560,353,63,7.9,4446,26,12,209,37.3,39,2022,477,2491,5.2,22,135,28.3,204,92,27,15,135,28.3,1076,14,10,0,12,1,157,38
Raiders,590,399,67.6,7.3,4321,25,6,206,34.9,27,2022,460,2087,4.5,20,126,27.4,206,86,20,11,126,27.4,1077,10,7,2,6,1,141,73
Dolphins,624,416,66.7,6.9,4282,27,8,200,32,40,2022,422,1751,4.2,15,98,23.2,233,97,31,15,98,23.2,1086,13,6,2,8,0,115,33
Texans,522,336,64.4,7.2,3775,15,16,196,37.6,39,2022,573,2894,5,25,150,26.2,221,86,21,13,150,26.2,1134,14,11,0,16,1,253,39
Bills,570,362,63.5,6.5,3721,21,17,181,31.8,40,2022,387,1673,4.3,10,103,26.6,208,78,33,19,103,26.6,997,11,10,0,17,1,165,43
Seahawks,547,343,62.7,7.1,3891,23,14,188,34.4,45,2022,525,2554,4.9,21,130,24.8,227,96,28,11,130,24.8,1117,18,11,0,14,1,163,40
Broncos,605,392,64.8,6.3,3819,20,15,180,29.8,36,2022,438,1866,4.3,12,109,24.9,220,75,14,9,109,24.9,1079,16,8,0,15,0,89,23
Steelers,542,332,61.2,7.5,4066,29,20,196,36.2,40,2022,442,1838,4.2,7,95,21.5,216,85,21,13,95,21.5,1024,9,3,0,20,1,152,34
Packers,478,314,65.7,7.4,3553,22,17,163,34.1,34,2022,479,2372,5,18,129,26.9,194,73,19,11,129,26.9,991,12,7,0,17,2,351,75
Cowboys,550,345,62.7,6.8,3767,23,16,174,31.6,54,2022,497,2198,4.4,9,119,23.9,231,87,22,12,119,23.9,1101,22,17,3,16,0,60,26
Commanders,514,308,59.9,6.9,3531,26,9,155,30.2,43,2022,441,1926,4.4,10,102,23.1,210,67,25,12,102,23.1,998,8,9,1,9,2,68,37
Browns,519,315,60.7,6.8,3547,20,11,166,32,34,2022,488,2295,4.7,22,129,26.4,215,85,18,8,129,26.4,1041,11,9,2,11,1,57,40
Patriots,596,364,61.1,6.8,4029,28,19,194,32.6,54,2022,441,1793,4.1,7,90,20.4,241,97,27,10,90,20.4,1091,13,11,2,19,5,383,69
Eagles,556,350,63,6.4,3548,22,17,186,33.4,70,2022,446,2068,4.6,15,115,25.8,223,86,25,15,115,25.8,1072,15,10,0,17,2,186,42
Rams,556,375,67.4,7.4,4092,23,16,203,36.5,38,2022,455,1956,4.3,12,106,23.3,208,84,20,13,106,23.3,1049,10,6,0,16,1,240,85
Giants,568,349,61.4,6.9,3909,21,6,200,35.2,41,2022,469,2451,5.2,16,134,28.6,205,72,17,11,134,28.6,1078,20,13,1,6,1,97,52
Saints,536,322,60.1,6.4,3413,17,7,159,29.7,48,2022,492,2218,4.5,14,122,24.8,233,97,19,8,122,24.8,1076,13,7,0,7,1,110,41
49ers,593,389,65.6,6.9,4096,20,20,188,31.7,44,2022,389,1321,3.4,11,77,19.8,218,85,25,10,77,19.8,1026,16,10,1,20,2,305,56
Ravens,593,394,66.4,7.2,4252,20,14,206,34.7,48,2022,406,1566,3.9,11,91,22.4,209,73,24,15,91,22.4,1047,14,10,0,14,0,105,33
Panthers,580,383,66,7.1,4098,25,10,194,33.4,35,2022,488,2085,4.3,17,125,25.6,231,95,18,8,125,25.6,1103,9,6,1,10,2,189,54
Titans,671,439,65.4,7.4,4935,29,14,215,32,39,2022,390,1307,3.4,9,93,23.8,225,77,26,19,93,23.8,1100,11,6,0,14,1,149,76
Falcons,561,372,66.3,7.3,4090,26,10,200,35.6,21,2022,500,2214,4.4,15,136,27.2,220,101,17,7,136,27.2,1082,8,6,0,10,1,124,28
Bears,481,323,67.2,8,3840,22,14,184,38.2,20,2022,542,2674,4.9,31,151,27.9,204,100,15,6,151,27.9,1043,14,9,0,14,0,201,42
Commanders,598,396,66.2,7.7,4627,39,8,218,36.4,39,2023,480,2155,4.5,15,121,25.2,226,94,21,13,121,25.2,1117,10,10,0,8,0,85,52
Chiefs,556,340,61.2,6,3352,19,8,169,30.4,57,2023,432,1925,4.5,10,107,24.8,224,83,28,13,107,24.8,1045,15,9,2,8,0,69,24
Chargers,598,389,65,7.7,4580,26,9,203,34,48,2023,467,1924,4.1,18,110,23.6,232,89,32,19,110,23.6,1113,15,12,0,9,0,31,9
Vikings,606,426,70.3,7.1,4288,23,11,208,34.3,43,2023,446,1678,3.8,14,104,23.3,232,96,25,18,104,23.3,1095,22,11,2,11,0,112,43
Browns,535,307,57.4,5.9,3149,23,18,136,25.4,49,2023,420,1793,4.3,15,87,20.7,230,67,15,6,87,20.7,1004,14,10,1,18,2,135,34
Jaguars,617,404,65.5,7.1,4355,27,16,198,32.1,40,2023,421,1752,4.2,15,99,23.5,230,84,41,21,99,23.5,1078,12,11,0,16,2,264,61
Bengals,555,364,65.6,8.1,4480,23,17,201,36.2,44,2023,456,2145,4.7,17,127,27.8,213,87,15,7,127,27.8,1055,11,9,0,17,1,152,30
Cowboys,509,308,60.5,6.8,3481,21,17,166,32.6,46,2023,459,1910,4.2,14,108,23.5,211,79,37,19,108,23.5,1014,14,8,1,17,5,249,63
Lions,588,371,63.1,7.8,4562,28,16,209,35.5,41,2023,408,1509,3.7,15,91,22.3,202,75,26,15,91,22.3,1037,13,6,0,16,1,209,50
Saints,558,333,59.7,6.8,3768,22,18,167,29.9,34,2023,462,2038,4.4,10,100,21.6,226,78,26,11,100,21.6,1054,8,11,1,18,1,185,74
Jets,522,313,60,6.1,3182,19,17,150,28.7,48,2023,517,2108,4.1,14,111,21.5,242,90,16,7,111,21.5,1087,14,10,1,17,2,212,51
Texans,565,382,67.6,7.7,4334,17,14,185,32.7,46,2023,468,1643,3.5,19,110,23.5,227,81,29,16,110,23.5,1079,15,10,1,14,0,63,33
Panthers,481,309,64.2,6.5,3109,19,8,162,33.7,27,2023,508,2081,4.1,25,122,24,221,84,10,7,122,24,1016,5,3,0,8,2,203,99
Rams,604,367,60.8,7,4195,24,10,193,32,41,2023,433,1816,4.2,14,108,24.9,228,88,30,16,108,24.9,1078,7,5,0,10,0,100,42
Packers,523,342,65.4,7.3,3803,21,7,189,36.1,45,2023,493,2181,4.4,15,120,24.3,224,92,30,14,120,24.3,1061,10,11,1,7,1,68,37
Bills,552,363,65.8,6.7,3676,18,18,183,33.2,54,2023,409,1880,4.6,14,96,23.5,215,83,19,10,96,23.5,1015,14,11,0,18,2,148,40
Seahawks,585,390,66.7,7.3,4259,21,11,202,34.5,47,2023,515,2352,4.6,24,143,27.8,231,107,26,13,143,27.8,1147,13,8,0,11,3,177,97
Colts,568,370,65.1,7.3,4157,21,15,192,33.8,51,2023,518,2105,4.1,22,123,23.8,240,89,26,17,123,23.8,1137,17,9,1,15,3,256,66
Buccaneers,611,404,66.1,7.5,4568,23,13,213,34.9,48,2023,422,1620,3.8,11,101,23.9,225,92,25,12,101,23.9,1081,18,12,0,13,1,93,28
Dolphins,568,380,66.9,7.3,4132,27,15,186,32.8,56,2023,433,1650,3.8,15,109,25.2,216,84,30,14,109,25.2,1057,15,12,0,15,4,270,99
Eagles,652,425,65.2,7,4551,35,9,222,34,43,2023,410,1758,4.3,13,111,27.1,233,108,34,19,111,27.1,1105,16,8,1,9,2,207,99
Raiders,564,376,66.7,6.9,3900,21,13,187,33.2,46,2023,479,2015,4.2,15,117,24.4,227,94,26,14,117,24.4,1089,14,9,2,13,3,268,75
Patriots,575,370,64.4,6.6,3791,19,10,181,31.5,36,2023,480,1584,3.3,14,100,20.8,237,86,19,10,100,20.8,1091,15,8,1,10,0,96,32
Cardinals,506,347,68.6,7.6,3846,32,11,198,39.1,33,2023,521,2434,4.7,19,141,27.1,205,97,15,7,141,27.1,1060,6,6,1,11,0,98,46
Falcons,549,340,61.9,6.8,3707,24,8,183,33.3,42,2023,499,2009,4,11,105,21,228,77,23,11,105,21,1090,19,8,0,8,1,124,92
Giants,582,371,63.8,7.1,4157,21,18,191,32.8,34,2023,475,2251,4.7,24,134,28.2,216,80,19,10,134,28.2,1091,19,13,0,18,3,404,102
Bears,617,410,66.4,6.9,4245,31,22,196,31.8,30,2023,388,1468,3.8,8,88,22.7,222,98,23,10,88,22.7,1035,13,6,0,22,2,245,45
Broncos,572,382,66.8,7.5,4302,29,11,201,35.1,42,2023,469,2331,5,15,119,25.4,202,67,34,16,119,25.4,1083,19,15,1,11,0,85,33
Steelers,573,348,60.7,7.3,4164,23,16,186,32.5,47,2023,454,1956,4.3,9,95,20.9,233,91,18,8,95,20.9,1074,19,11,1,16,1,184,32
Ravens,634,384,60.6,5.9,3717,18,18,175,27.6,60,2023,415,1860,4.5,6,96,23.1,250,91,32,13,96,23.1,1109,16,13,0,18,1,258,52
Titans,571,387,67.8,7.3,4181,20,6,189,33.1,45,2023,480,1831,3.8,10,103,21.5,231,89,21,12,103,21.5,1096,13,8,0,6,1,86,44
49ers,621,410,66,6.4,3949,20,22,190,30.6,48,2023,369,1525,4.1,10,97,26.3,215,88,28,14,97,26.3,1038,10,6,0,22,1,309,66
